taxid,date,case_no,description,recommendation,penalty,type,disposition,command
965915,5/17/2023,2023-28245,01.Wrongfully discourteous to an individual known to the Department.,B-CD,,allegation,,
964859,5/21/2022,2022-25379,01.Violated patrol rules.,A-CD,,allegation,,
964859,5/21/2022,2022-25381,01.Failed to activate their body worn camera.,OTHER,,allegation,,
966923,2/26/2023,2022-25750,01.Wrongful entry of a premises.,B-CD,,allegation,,
966924,5/16/2023,2023-28366,01.Violated patrol rules.,A-CD,,allegation,,
966925,1/23/2023,2022-27364,01.Violated patrol rules - failed to provide a business card,A-CD,A - COMMAND DISCIPLINE,allegation,,
961596,1/19/2021,2020-21684,Failed to notify the radio dispatcher about a vehicle pursuit.,,VACATION DAYS (45 day(s) ),charge,GUILTY,077-077 PRECINCT
961596,1/19/2021,2020-21684,Failed to make required entries in Activity Log.,,VACATION DAYS (45 day(s) ),charge,GUILTY,077-077 PRECINCT
961596,1/19/2021,2020-21684,Failed to activate body-worn camera.,,VACATION DAYS (45 day(s) ),charge,GUILTY,077-077 PRECINCT
961596,1/19/2021,2020-21684,Made inaccurate statements during an official Department interview.,,VACATION DAYS (45 day(s) ),charge,GUILTY,077-077 PRECINCT
961596,1/19/2021,2020-21684,Failed to notify a radio dispatcher regarding the termination of a vehicle pursuit.,,VACATION DAYS (45 day(s) ),charge,GUILTY,077-077 PRECINCT
970372,10/8/2023,2023-28777,01.Failed to conduct an investigation,CHARGES AND SPECIFICATIONS,,allegation,,
970372,10/8/2023,2023-28777,02.Failed to make required entries in Department Logs (Activity Log).,CHARGES AND SPECIFICATIONS,,allegation,,
966421,12/22/2022,2022-27168,01.Violated patrol rules - failed to provide a business card,A-CD,"B - COMMAND DISCIPLINE, VACATION DAYS (2 day(s) )",allegation,,
966421,12/22/2022,2022-27168,02.Wrongfully stopped an individual known to the Department.,NO DISCIPLINARY ACTION,"B - COMMAND DISCIPLINE, VACATION DAYS (2 day(s) )",allegation,,
966929,6/8/2022,2022-25394,01.Wrongful threat of force.,B-CD,,allegation,,
963359,3/24/2022,2020-22601,01.Improper removal to the hospital,INSTRUCTIONS,"INSTRUCTIONS, TRAINING",allegation,,
963359,3/24/2022,2020-22601,02.improper threat of force,TRAINING,"INSTRUCTIONS, TRAINING",allegation,,
970377,12/7/2021,2021-24183,01.Failed to activate their body-worn-camera.,B-CD,"B - COMMAND DISCIPLINE, VACATION DAYS (5 day(s) )",allegation,,
970377,12/7/2021,2021-24183,02.Failed to make required entries in Department Activity Logs.,B-CD,"B - COMMAND DISCIPLINE, VACATION DAYS (5 day(s) )",allegation,,
970377,12/7/2021,2021-24183,03.Failed to prepare a required report.,B-CD,"B - COMMAND DISCIPLINE, VACATION DAYS (5 day(s) )",allegation,,
970377,12/7/2021,2021-24183,04.Made false statements during an official Department interview.,NO DISCIPLINARY ACTION,"B - COMMAND DISCIPLINE, VACATION DAYS (5 day(s) )",allegation,,
970377,12/7/2021,2021-24183,05.Wrongfully used a chokehold.,NO DISCIPLINARY ACTION,"B - COMMAND DISCIPLINE, VACATION DAYS (5 day(s) )",allegation,,
966932,10/17/2022,2022-26964,01.Wrongfully discourteous to an individual known to the Department.,A-CD,A - COMMAND DISCIPLINE,allegation,,
964876,5/24/2023,2022-27287,01.Failed to make proper notifications.,B-CD,"B - COMMAND DISCIPLINE, VACATION DAYS (2 day(s) )",allegation,,
964876,5/24/2023,2022-27287,02.Failed to make required entries in Department Logs.,B-CD,"B - COMMAND DISCIPLINE, VACATION DAYS (2 day(s) )",allegation,,
963371,8/12/2022,2022-26540,Improper Use of Force,,VACATION DAYS (20 day(s) ),charge,PLEADED GUILTY,109-109 PRECINCT
966429,11/9/2022,2022-26788,01.Officer was absent without leave,C-CD,"C - COMMAND DISCIPLINE, VACATION DAYS (8 day(s) )",allegation,,
964221,12/6/2022,2022-25290,01.Wrongfully issued a summons to an individual known to the Department.,CHARGES AND SPECIFICATIONS,,allegation,,
964221,12/6/2022,2022-25290,02.Wrongfully stopped a vehicle.,CHARGES AND SPECIFICATIONS,,allegation,,
964221,2/26/2023,2022-25742,01.Violated patrol rules.,B-CD,,allegation,,
966937,6/25/2022,2022-25135,01.Wrongfully discourteous to an individual known to the Department.,A-CD,A - COMMAND DISCIPLINE,allegation,,
966437,10/20/2023,2023-28844,01.Failed to take police action/render police services.,A-CD,A - COMMAND DISCIPLINE,allegation,,
961494,7/4/2023,2022-26704,01.Wrongfully searched an individual known to the Department.,TRAINING,TRAINING,allegation,,
963385,1/16/2023,2022-26904,01.Failed to make required entries in Department Logs.,OTHER,,allegation,,
963385,1/16/2023,2022-26904,02.Failed to timely activate body worn camera.,OTHER,,allegation,,
965942,6/2/2022,2022-25248,01.Disseminated confidential information.,C-CD,"C - COMMAND DISCIPLINE, VACATION DAYS (8 day(s) )",allegation,,
964897,3/11/2022,2021-24314,Failed to follow DARP procedures.,,VACATION DAYS (20 day(s) ),charge,PLEADED GUILTY,105-105 PRECINCT
964897,3/11/2022,2021-24314,Incomplete and inaccurate entries in Department records.,,VACATION DAYS (20 day(s) ),charge,PLEADED GUILTY,105-105 PRECINCT
964897,3/11/2022,2021-24314,Failed to take police action.,,VACATION DAYS (20 day(s) ),charge,PLEADED GUILTY,105-105 PRECINCT
964897,3/11/2022,2021-24314,Failed to notify IAB.,,VACATION DAYS (20 day(s) ),charge,PLEADED GUILTY,105-105 PRECINCT
964916,2/9/2023,2023-27889,Failed to make proper notifications.,,VACATION DAYS (25 day(s) ),charge,PLEADED GUILTY,072-072 PRECINCT
964916,2/9/2023,2023-27889,Improper vehicle pursuit.,,VACATION DAYS (25 day(s) ),charge,PLEADED GUILTY,072-072 PRECINCT
966959,4/17/2023,2023-27837,01.Violated patrol rules.,A-CD,"A - COMMAND DISCIPLINE, VACATION DAYS (1 day(s) )",allegation,,
966472,6/24/2022,2021-24091,Failed to safeguard a prisoner.,,"PRE-TRIAL SUSPENSION DAYS (15 day(s) ), VACATION DAYS (5 day(s) )",charge,PLEADED GUILTY,067-067 PRECINCT
966472,3/21/2023,2022-27245,Failed to safeguard a prisoner.,,"PRE-TRIAL SUSPENSION DAYS (20 day(s) ), VACATION DAYS (10 day(s) )",charge,PLEADED GUILTY,067-067 PRECINCT
966472,3/21/2023,2022-27245,Failed to Notify,,"PRE-TRIAL SUSPENSION DAYS (20 day(s) ), VACATION DAYS (10 day(s) )",charge,PLEADED GUILTY,067-067 PRECINCT
963410,12/2/2022,2022-25662,01.Wrongfully discourteous to an individual known to the Department.,CHARGES AND SPECIFICATIONS,,allegation,,
963410,12/2/2022,2022-25662,01.Wrongfully used physical force.,CHARGES AND SPECIFICATIONS,,allegation,,
963410,1/16/2023,2022-25511,01.Failed to activate their body worn camera.,OTHER,,allegation,,
963410,2/23/2023,2022-24893,01.Violated patrol rules.,OTHER,,allegation,,
963410,9/14/2023,2023-28664,01.Wrongfully discourteous to an individual known to the Department.,A-CD,A - COMMAND DISCIPLINE,allegation,,
963413,6/14/2023,2022-27067,01.Discharge firearm at moving vehicle.,CHARGES AND SPECIFICATIONS,VACATION DAYS (20 day(s) ),allegation,,
966482,11/3/2022,2022-26863,01.Failed to make required entries in Department Logs.,OTHER,,allegation,,
966482,3/28/2023,2022-26562,01.Failed to make required entries in Department Logs.,TRAINING,TRAINING,allegation,,
966482,3/28/2023,2022-26562,02.Violated patrol rules - failed to provide a business card,TRAINING,TRAINING,allegation,,
970431,1/31/2023,2023-27832,01.Wrongfully searched a vehicle.,A-CD,,allegation,,
950130,3/7/2022,2022-24825,01.Wrongful threat of force.,B-CD,,allegation,,
950130,3/7/2022,2022-24825,02.Wrongfully discourteous.,B-CD,,allegation,,
950130,7/31/2022,2022-26068,01.Failed to make required entries in Department Logs.,OTHER,,allegation,,
950130,8/1/2022,2022-26067,01.Wrongful detainment.,CHARGES AND SPECIFICATIONS,,allegation,,
950130,8/1/2022,2022-26067,01.Wrongfully damaged property.,CHARGES AND SPECIFICATIONS,,allegation,,
950130,8/1/2022,2022-26067,02.Wrongfully used physical force.,CHARGES AND SPECIFICATIONS,,allegation,,
950130,10/18/2022,2022-26026,01.Violated patrol rules.,B-CD,,allegation,,
950130,10/18/2022,2022-26026,01.Wrongfully stopped an individual.,B-CD,,allegation,,
950130,10/18/2022,2022-26029,01.Failed to prepare required reports.,OTHER,,allegation,,
964411,7/23/2022,2022-25989,01.Failed to make required entries in Department Logs.,OTHER,,allegation,,
964411,11/17/2022,2022-26318,01.Wrongfully discourteous to an individual known to the Department.,CHARGES AND SPECIFICATIONS,,allegation,,
964411,11/17/2022,2022-26318,02.Wrongfully used physical force.,CHARGES AND SPECIFICATIONS,,allegation,,
964411,1/26/2023,2022-27714,01.Wrongful removal to a hospital.,B-CD,,allegation,,
964411,1/26/2023,2022-27714,02.Wrongfully questioned an individual known to the Department.,B-CD,,allegation,,
963426,8/26/2023,2021-23922,01.Wrongfully used force.,CHARGES AND SPECIFICATIONS,"B - COMMAND DISCIPLINE, VACATION DAYS (10 day(s) )",allegation,,
964956,7/5/2022,2019-21554,01.Improper Vehicle stop,TRAINING,TRAINING,allegation,,
964956,7/5/2022,2019-21554,02.Improper use of force,TRAINING,TRAINING,allegation,,
964961,8/16/2022,2022-26320,01.Wrongfully threatened to arrest an individual known to the Department.,B-CD,,allegation,,
964961,8/22/2022,2022-26321,01.Failed to activate their body worn camera.,OTHER,,allegation,,
964961,8/22/2022,2022-26321,02.Failed to make required entries in Department Logs.,OTHER,,allegation,,
962776,1/16/2023,2022-26213,01.Failed to activate their body worn camera.,OTHER,,allegation,,
963432,8/2/2022,2022-25452,01.Failed to obtain medical treatment.,B-CD,,allegation,,
963432,8/2/2022,2022-25452,02.Wrongfully discourteous to an individual known to the Department.,B-CD,,allegation,,
963432,10/10/2022,2022-26715,01.Wrongfully stopped an individual known to the Department.,A-CD,A - COMMAND DISCIPLINE,allegation,,
963432,7/18/2023,2023-28051,01.Wrongfully searched a vehicle,B-CD,"B - COMMAND DISCIPLINE, VACATION DAYS (1 day(s) )",allegation,,
963432,7/18/2023,2023-28051,02.Wrongfully searched an individual known to the Department.,B-CD,"B - COMMAND DISCIPLINE, VACATION DAYS (1 day(s) )",allegation,,
965968,7/7/2022,2022-24936,01.Wrongfully threatened to arrest an individual known to the Department,TRAINING,TRAINING,allegation,,
965968,9/13/2023,2023-28377,01.Wrongfully discourteous to an individual known to the Department.,A-CD,,allegation,,
966983,5/16/2023,2023-28373,01.Wrongful entry of a premises.,B-CD,,allegation,,
964976,11/10/2022,2022-25582,01.Wrongfully discourteous to an individual known to the Department.,A-CD,,allegation,,
960348,12/22/2022,2022-27263,01.failed to request patrol supervisor from the precinct where a motor vehicle accident occurred.,CHARGES AND SPECIFICATIONS,"C - COMMAND DISCIPLINE, VACATION DAYS (5 day(s) )",allegation,,
960366,4/19/2023,2023-27841,01.Wrongfully discourteous to an individual known to the Department.,A-CD,"A - COMMAND DISCIPLINE, VACATION DAYS (1 day(s) )",allegation,,
963456,9/22/2022,2021-23992,01.Violated uniform rules.,A-CD,"A - COMMAND DISCIPLINE, VACATION DAYS (3 day(s) )",allegation,,
963456,9/22/2022,2021-23992,02.Wrongful use of physical force.,A-CD,"A - COMMAND DISCIPLINE, VACATION DAYS (3 day(s) )",allegation,,
964985,1/3/2023,2021-24138,01.Violated patrol rules.,NO DISCIPLINARY ACTION,,allegation,,
964985,1/3/2023,2021-24138,02.Violated uniform rules.,NO DISCIPLINARY ACTION,,allegation,,
964985,8/10/2023,2023-28353,01.Made computer inquiries unrelated to official Department business.,B-CD,"B - COMMAND DISCIPLINE, VACATION DAYS (5 day(s) )",allegation,,
965991,6/16/2023,2023-28208,01.Wrongful threat of force.,B-CD,,allegation,,
963217,8/2/2022,2022-25274,01.Wrongfully discourteous to an individual known to the Department.,A-CD,,allegation,,
963217,12/8/2022,2022-27153,01.Wrongfully frisked an individual known to the Department.,A-CD,A - COMMAND DISCIPLINE,allegation,,
963217,4/19/2023,2023-28248,01.Wrongfully discourteous to individuals known to the Department.,A-CD,,allegation,,
960376,6/13/2022,2021-24418,01.Wrongfully used physical force.,A-CD,A - COMMAND DISCIPLINE,allegation,,
970459,3/20/2023,2023-27727,01.Off-duty employment without permission.,B-CD,INSTRUCTIONS,allegation,,
960385,1/25/2023,2022-26493,01.Violated patrol rules - failed to provide business card,A-CD,A - COMMAND DISCIPLINE,allegation,,
960385,7/5/2023,2022-26494,01.Failed to make required entries in Department Logs.,OTHER,TRAINING,allegation,,
960385,7/5/2023,2022-26494,02.Failed to prepare required reports.,TRAINING,TRAINING,allegation,,
964453,8/16/2022,2022-24634,Operated a motor vehicle while under the influence of an intoxicant.,,"COUNSELING, DISMISSAL PROBATION (12 month(s) ), ORDERED BREATH TESTING, PRE-TRIAL SUSPENSION DAYS (30 day(s) ), VACATION DAYS (35 day(s) )",charge,PLEADED GUILTY,182-PBMN SPECIALIZED UNITS
964453,8/16/2022,2022-24634,Operated a motor vehicle while their ability was impaired.,,"COUNSELING, DISMISSAL PROBATION (12 month(s) ), ORDERED BREATH TESTING, PRE-TRIAL SUSPENSION DAYS (30 day(s) ), VACATION DAYS (35 day(s) )",charge,PLEADED GUILTY,182-PBMN SPECIALIZED UNITS
964453,8/16/2022,2022-24634,Refused to submit to a breathalyzer test.,,"COUNSELING, DISMISSAL PROBATION (12 month(s) ), ORDERED BREATH TESTING, PRE-TRIAL SUSPENSION DAYS (30 day(s) ), VACATION DAYS (35 day(s) )",charge,PLEADED GUILTY,182-PBMN SPECIALIZED UNITS
964453,8/16/2022,2022-24634,Unfit for duty.,,"COUNSELING, DISMISSAL PROBATION (12 month(s) ), ORDERED BREATH TESTING, PRE-TRIAL SUSPENSION DAYS (30 day(s) ), VACATION DAYS (35 day(s) )",charge,PLEADED GUILTY,182-PBMN SPECIALIZED UNITS
964453,8/16/2022,2022-24634,Unfit for duty while armed.,,"COUNSELING, DISMISSAL PROBATION (12 month(s) ), ORDERED BREATH TESTING, PRE-TRIAL SUSPENSION DAYS (30 day(s) ), VACATION DAYS (35 day(s) )",charge,PLEADED GUILTY,182-PBMN SPECIALIZED UNITS
964456,7/22/2022,2022-26655,01.Failed to timely activate their body worn camera.,OTHER,,allegation,,
962328,5/31/2022,2022-25695,01.Violated patrol rules.,A-CD,A - COMMAND DISCIPLINE,allegation,,
960400,11/4/2022,2022-27206,01.Wrongful seizure of a person's property.,TRAINING,A - COMMAND DISCIPLINE,allegation,,
960400,11/4/2022,2022-27206,02.Wrongfully searched a vehicle.,A-CD,A - COMMAND DISCIPLINE,allegation,,
965014,11/21/2022,2021-24124,01.Violated patrol rules - refused to provide name,A-CD,A - COMMAND DISCIPLINE,allegation,,
965014,11/21/2022,2022-27234,01.Wrongfully discourteous to an individual known to the Department.,A-CD,A - COMMAND DISCIPLINE,allegation,,
960407,10/10/2022,2022-26716,01.Wrongfully discourteous to an individual known to the Department.,A-CD,A - COMMAND DISCIPLINE,allegation,,
960407,1/25/2023,2022-26496,01.Violated patrol rules - failed to provide a business card,A-CD,A - COMMAND DISCIPLINE,allegation,,
960407,7/4/2023,2022-26497,01.Failed to make required entries in Department Logs.,OTHER,TRAINING,allegation,,
960407,7/4/2023,2022-26497,02.Failed to prepare required reports.,TRAINING,TRAINING,allegation,,
960407,7/28/2023,2023-28052,01.Violated patrol rules - failed to provide a business card,A-CD,"A - COMMAND DISCIPLINE, VACATION DAYS (1 day(s) )",allegation,,
962335,10/12/2021,2021-23550,01.Wrongfully discourteous to an individual known to the Department.,A-CD,"A - COMMAND DISCIPLINE, FORFEITURE OF TIME/LEAVE BALANCES",allegation,,
966523,5/31/2022,2022-25694,01.Violated patrol rules.,A-CD,A - COMMAND DISCIPLINE,allegation,,
960422,4/28/2022,2022-24515,01.Wrongful entry of a premises.,B-CD,,allegation,,
960423,1/26/2023,2022-27711,01.Wrongful entry of a premises.,A-CD,,allegation,,
964474,7/4/2023,2022-27510,01.Wrongfully frisked an individual known to the Department.,B-CD,"B - COMMAND DISCIPLINE, TRAINING",allegation,,
964474,7/4/2023,2022-27510,02.Wrongfully searched a vehicle.,A-CD,"B - COMMAND DISCIPLINE, TRAINING",allegation,,
963483,10/13/2022,2022-26617,01.Failure to respond to overdose incident,B-CD,INSTRUCTIONS,allegation,,
964483,8/17/2023,2023-28570,01.Wrongfully frisked an individual known to the Department.,B-CD,"B - COMMAND DISCIPLINE, VACATION DAYS (2 day(s) )",allegation,,
964483,8/17/2023,2023-28570,01.Wrongfully stopped an individual known to the Department.,B-CD,"B - COMMAND DISCIPLINE, VACATION DAYS (2 day(s) )",allegation,,
966537,7/19/2022,2022-25986,01.Violated patrol rule - failed to provide business card,A-CD,A - COMMAND DISCIPLINE,allegation,,
966026,5/24/2023,2023-28077,01.Fail to activate body-worn camera.,C-CD,"C - COMMAND DISCIPLINE, VACATION DAYS (2 day(s) )",allegation,,
966026,5/24/2023,2023-28077,02.Fail to notify radio dispatcher of vehicle pursuit.,C-CD,"C - COMMAND DISCIPLINE, VACATION DAYS (2 day(s) )",allegation,,
966026,5/24/2023,2023-28077,03.Failed to make required entries in Department Logs.,C-CD,"C - COMMAND DISCIPLINE, VACATION DAYS (2 day(s) )",allegation,,
962355,7/21/2023,2023-28677,01.Failed to safeguard Department property (NYPD Traffic Vest),INSTRUCTIONS,"C - COMMAND DISCIPLINE, INSTRUCTIONS, VACATION DAYS (18 day(s) )",allegation,,
962355,7/21/2023,2023-28677,02.Made computer inquiries unrelated to official Department business.,C-CD,"C - COMMAND DISCIPLINE, INSTRUCTIONS, VACATION DAYS (18 day(s) )",allegation,,
962355,7/21/2023,2023-28677,03.Wrongfully disseminated confidential Department information.,C-CD,"C - COMMAND DISCIPLINE, INSTRUCTIONS, VACATION DAYS (18 day(s) )",allegation,,
960475,8/11/2022,2022-26588,Wrongfully discourteous to an individual known to the Department.,,VACATION DAYS (5 day(s) ),charge,PLEADED GUILTY,121-121 PRECINCT
965705,1/15/2022,2021-24357,01.Failed to activate their body worn camera.,OTHER,,allegation,,
966549,5/11/2022,2022-24907,01.Violated patrol rules.,A-CD,,allegation,,
966549,5/11/2022,2022-24908,01.Failed to activate their body worn camera.,OTHER,,allegation,,
966549,5/11/2022,2022-24908,02.Failed to make required entries in Department Logs.,OTHER,,allegation,,
966549,5/11/2022,2022-24908,03.Failed to prepare required reports.,OTHER,,allegation,,
966549,10/25/2023,2023-28814,01.Wrongfully discourteous.,B-CD,"B - COMMAND DISCIPLINE, VACATION DAYS (2 day(s) )",allegation,,
964497,8/15/2022,2022-26350,01.Failed to activate their body worn camera.,OTHER,,allegation,,
964497,8/15/2022,2022-26350,02.Violated patrol rules.,OTHER,,allegation,,
964497,10/18/2023,2022-26349,01.Violated patrol rules.,CHARGES AND SPECIFICATIONS,,allegation,,
964497,10/18/2023,2022-26349,02.Wrongfully threatened to remove an individual to the hospital.,CHARGES AND SPECIFICATIONS,,allegation,,
963498,8/11/2022,2022-26073,01.Violated patrol rules.,B-CD,,allegation,,
963498,10/13/2022,2022-25797,01.Failed to activate their body worn camera.,OTHER,,allegation,,
965708,6/13/2022,2020-22989,01.Violated uniform rules.,A-CD,A - COMMAND DISCIPLINE,allegation,,
956618,4/26/2022,2022-24747,01.Deactivated body-worn camera prematurely.,A-CD,"B - COMMAND DISCIPLINE, VACATION DAYS (3 day(s) )",allegation,,
956618,4/26/2022,2022-24747,02.Failure to activate Body-Worn Camera,A-CD,"B - COMMAND DISCIPLINE, VACATION DAYS (3 day(s) )",allegation,,
956618,4/26/2022,2022-24747,03.Omitted Activity Log entries.,A-CD,"B - COMMAND DISCIPLINE, VACATION DAYS (3 day(s) )",allegation,,
956618,8/16/2022,2022-26722,01.Failed to make required entries in Department Logs.,OTHER,,allegation,,
963502,2/18/2023,2020-22523,01.Offensive language.,INSTRUCTIONS,TRAINING,allegation,,
963502,2/18/2023,2020-22523,02.Wrongfully removed person known to the department to a hospital.,TRAINING,TRAINING,allegation,,
962383,7/23/2022,2022-25893,01.Failed to timely activate their body worn camera.,OTHER,,allegation,,
961753,1/23/2023,2021-24297,01.Failed to activate their body worn camera.,NO DISCIPLINARY ACTION,,allegation,,
963983,5/9/2023,2023-27865,01.Violated patrol rules.,TRAINING,TRAINING,allegation,,
964514,5/2/2023,2020-22973,01.Failed to provide a business card,TRAINING,TRAINING,allegation,,
965102,2/1/2023,2022-27549,01.MADE COMPUTER INQUIRIES UNRELATED TO OFFICIAL DEPARTMENT BUSINESS.,C-CD,"C - COMMAND DISCIPLINE, VACATION DAYS (13 day(s) )",allegation,,
965102,2/1/2023,2022-27549,02.Violated Department Motor Vehicles Rules.,C-CD,"C - COMMAND DISCIPLINE, VACATION DAYS (13 day(s) )",allegation,,
963996,11/17/2022,2022-27433,01.Wrongfully used physical force.,B-CD,,allegation,,
963996,11/17/2022,2022-27433,01.Wrongfully used physical force.,B-CD,,allegation,,
966064,1/11/2023,2022-26575,01.Discharged a firearm outside Department guidelines.,CHARGES AND SPECIFICATIONS,"C - COMMAND DISCIPLINE, VACATION DAYS (15 day(s) )",allegation,,
966064,4/18/2023,2023-27941,01.Failed to take police action/render police services.,CHARGES AND SPECIFICATIONS,,allegation,,
966064,4/18/2023,2023-27941,02.Violated patrol rules.,CHARGES AND SPECIFICATIONS,,allegation,,
966064,4/18/2023,2023-27941,03.Wrongful entry of a premises.,CHARGES AND SPECIFICATIONS,,allegation,,
966064,4/18/2023,2023-27941,04.Wrongful search of a premises.,CHARGES AND SPECIFICATIONS,,allegation,,
970528,1/26/2023,2022-27173,01.Fail to notify.,B-CD,"B - COMMAND DISCIPLINE, VACATION DAYS (3 day(s) )",allegation,,
970528,1/26/2023,2022-27173,02.Fail to prepare report.,B-CD,"B - COMMAND DISCIPLINE, VACATION DAYS (3 day(s) )",allegation,,
961769,6/13/2018,2018-18979,"while-on duty, wrongfully failed to notify the radio dispatcher at the beginning, during, or the end of a pursuit.",,VACATION DAYS (10 day(s) ),charge,GUILTY,025-025 PRECINCT
961769,6/13/2018,2018-18979,"while on duty, failed to make efforts to stop the Operator of his assigned Department car from engaging in an improper pursuit.",,VACATION DAYS (10 day(s) ),charge,GUILTY,025-025 PRECINCT
962414,1/22/2022,2021-24055,01.Wrongful entry of a premises,B-CD,B - COMMAND DISCIPLINE,allegation,,
962414,1/22/2022,2021-24055,02.Wrongfully discourteous to an individual known to the department,B-CD,B - COMMAND DISCIPLINE,allegation,,
966581,9/28/2023,2022-25454,01.Wrongful use of force,A-CD,"A - COMMAND DISCIPLINE, VACATION DAYS (5 day(s) )",allegation,,
965118,5/21/2022,2022-25384,01.Wrongful entry of a premises.,A-CD,,allegation,,
965118,5/21/2022,2022-25384,02.Wrongful search of a premises.,A-CD,,allegation,,
965118,4/18/2023,2023-28102,01.Unauthorized off-duty employment.,C-CD,"C - COMMAND DISCIPLINE, VACATION DAYS (5 day(s) )",allegation,,
960569,2/22/2023,2022-25259,01.Violated patrol rules.,A-CD,,allegation,,
960569,2/22/2023,2022-25265,01.Failed to activate their body worn camera.,OTHER,,allegation,,
961780,10/18/2023,2022-25587,01.Used improper force tactics.,CHARGES AND SPECIFICATIONS,,allegation,,
965125,6/28/2022,2022-24841,01.Violated patrol rules.,A-CD,,allegation,,
965125,6/28/2022,2022-24841,02.Wrongfully searched an individual known to the Department.,A-CD,,allegation,,
960576,10/18/2023,2022-26353,01.Wrongfully discourteous to an individual known to the Department.,CHARGES AND SPECIFICATIONS,,allegation,,
960576,10/18/2023,2022-26353,02.Wrongfully threatened to notify/call an outside agency.,CHARGES AND SPECIFICATIONS,,allegation,,
960576,10/18/2023,2022-26353,03.Wrongfully threatened to seize a person's property.,CHARGES AND SPECIFICATIONS,,allegation,,
960578,2/28/2023,2022-25240,Operated a motor vehicle while under the influence of an intoxicant.,,"COUNSELING, DISMISSAL PROBATION (12 month(s) ), ORDERED BREATH TESTING, PRE-TRIAL SUSPENSION DAYS (30 day(s) ), VACATION DAYS (40 day(s) )",charge,PLEADED GUILTY,67-067 PRECINCT
960578,2/28/2023,2022-25240,Operated a motor vehicle while their ability was impaired.,,"COUNSELING, DISMISSAL PROBATION (12 month(s) ), ORDERED BREATH TESTING, PRE-TRIAL SUSPENSION DAYS (30 day(s) ), VACATION DAYS (40 day(s) )",charge,PLEADED GUILTY,67-067 PRECINCT
960578,2/28/2023,2022-25240,Refused to submit to a breathalyzer test.,,"COUNSELING, DISMISSAL PROBATION (12 month(s) ), ORDERED BREATH TESTING, PRE-TRIAL SUSPENSION DAYS (30 day(s) ), VACATION DAYS (40 day(s) )",charge,PLEADED GUILTY,67-067 PRECINCT
960578,2/28/2023,2022-25240,Unfit for Duty.,,"COUNSELING, DISMISSAL PROBATION (12 month(s) ), ORDERED BREATH TESTING, PRE-TRIAL SUSPENSION DAYS (30 day(s) ), VACATION DAYS (40 day(s) )",charge,PLEADED GUILTY,67-067 PRECINCT
960578,2/28/2023,2022-25240,Left the scene of an accident.,,"COUNSELING, DISMISSAL PROBATION (12 month(s) ), ORDERED BREATH TESTING, PRE-TRIAL SUSPENSION DAYS (30 day(s) ), VACATION DAYS (40 day(s) )",charge,PLEADED GUILTY,67-067 PRECINCT
960578,2/28/2023,2022-25240,Failed to comply with driving rules and regulations.,,"COUNSELING, DISMISSAL PROBATION (12 month(s) ), ORDERED BREATH TESTING, PRE-TRIAL SUSPENSION DAYS (30 day(s) ), VACATION DAYS (40 day(s) )",charge,PLEADED GUILTY,67-067 PRECINCT
963534,8/12/2022,2021-24188,Operated a motor vehicle while their ability was impaired.,,"COUNSELING, DISMISSAL PROBATION (12 month(s) ), ORDERED BREATH TESTING, PRE-TRIAL SUSPENSION DAYS (33 day(s) ), VACATION DAYS (30 day(s) )",charge,PLEADED GUILTY,073-073 PRECINCT
963534,8/12/2022,2021-24188,Refused to submit to a breathalyzer test.,,"COUNSELING, DISMISSAL PROBATION (12 month(s) ), ORDERED BREATH TESTING, PRE-TRIAL SUSPENSION DAYS (33 day(s) ), VACATION DAYS (30 day(s) )",charge,PLEADED GUILTY,073-073 PRECINCT
963534,8/12/2022,2021-24188,Unfit for duty.,,"COUNSELING, DISMISSAL PROBATION (12 month(s) ), ORDERED BREATH TESTING, PRE-TRIAL SUSPENSION DAYS (33 day(s) ), VACATION DAYS (30 day(s) )",charge,PLEADED GUILTY,073-073 PRECINCT
963534,8/12/2022,2021-24188,Operated a motor vehicle while under the influence of an intoxicant.,,"COUNSELING, DISMISSAL PROBATION (12 month(s) ), ORDERED BREATH TESTING, PRE-TRIAL SUSPENSION DAYS (33 day(s) ), VACATION DAYS (30 day(s) )",charge,PLEADED GUILTY,073-073 PRECINCT
963534,8/12/2022,2021-24188,Violated Department of Motor Vehicle rules.,,"COUNSELING, DISMISSAL PROBATION (12 month(s) ), ORDERED BREATH TESTING, PRE-TRIAL SUSPENSION DAYS (33 day(s) ), VACATION DAYS (30 day(s) )",charge,PLEADED GUILTY,073-073 PRECINCT
964015,6/16/2022,2022-25359,01.Failed to timely activate their body worn camera.,OTHER,,allegation,,
964015,11/21/2022,2022-25294,01.Wrongfully discourteous to an individual known to the Department.,CHARGES AND SPECIFICATIONS,,allegation,,
964015,11/21/2022,2022-25294,02.Wrongfully threatened to arrest an individual known to the Department.,CHARGES AND SPECIFICATIONS,,allegation,,
965138,8/1/2022,2022-26656,01.Violated patrol rules.,B-CD,,allegation,,
965138,8/1/2022,2022-26656,01.Wrongfully searched a vehicle,B-CD,,allegation,,
965138,8/1/2022,2022-26657,01.Failed to timely activate their body worn camera.,OTHER,,allegation,,
960595,11/14/2022,2019-21572,01.Failed to provide business card.,INSTRUCTIONS,"INSTRUCTIONS, TRAINING",allegation,,
960595,11/14/2022,2019-21572,02.Wrongfully entered premise.,TRAINING,"INSTRUCTIONS, TRAINING",allegation,,
965142,5/29/2023,2020-22435,01.improperly entered location without sufficient legal authority,TRAINING,TRAINING,allegation,,
970554,7/27/2023,2023-28292,01.Wrongfully stopped an individual known to the Department.,A-CD,"A - COMMAND DISCIPLINE, VACATION DAYS (1 day(s) )",allegation,,
960603,1/26/2023,2022-26343,01.Wrongfully stopped a vehicle.,A-CD,,allegation,,
960603,1/26/2023,2022-26346,01.Failed to make required entries in Department Logs.,OTHER,,allegation,,
965732,3/27/2023,2022-24575,01.Failed to activate their body worn camera.,TRAINING,TRAINING,allegation,,
964028,3/26/2019,2018-19624,Unfit for duty.,,"COUNSELING, DISMISSAL PROBATION (12 month(s) ), ORDERED BREATH TESTING, PRE-TRIAL SUSPENSION DAYS (31 day(s) )",charge,GUILTY,865-TRANSIT BUREAU DISTRICT 12
964028,3/26/2019,2018-19624,"Wrongfully discourteous to an individual known to the Department.
Insubordination.",,"COUNSELING, DISMISSAL PROBATION (12 month(s) ), ORDERED BREATH TESTING, PRE-TRIAL SUSPENSION DAYS (31 day(s) )",charge,GUILTY,865-TRANSIT BUREAU DISTRICT 12
964028,3/26/2019,2018-19624,Failed to identify himself as a police officer.,,"COUNSELING, DISMISSAL PROBATION (12 month(s) ), ORDERED BREATH TESTING, PRE-TRIAL SUSPENSION DAYS (31 day(s) )",charge,GUILTY,865-TRANSIT BUREAU DISTRICT 12
964028,3/26/2019,2018-19624,Insubordination.,,"COUNSELING, DISMISSAL PROBATION (12 month(s) ), ORDERED BREATH TESTING, PRE-TRIAL SUSPENSION DAYS (31 day(s) )",charge,GUILTY,865-TRANSIT BUREAU DISTRICT 12
962447,6/21/2022,2022-24782,01.failed to safeguard property.,B-CD,"B - COMMAND DISCIPLINE, FORFEITURE OF TIME/LEAVE BALANCES",allegation,,
960616,12/5/2022,2022-26641,01.Wrongfully discourteous.,CHARGES AND SPECIFICATIONS,,allegation,,
960616,12/5/2022,2022-26641,02.Wrongfully used physical force.,CHARGES AND SPECIFICATIONS,,allegation,,
960616,1/10/2023,2022-25476,01.Wrongfully used physical force.,B-CD,,allegation,,
960616,1/10/2023,2022-25477,01.Failed to prepare required reports.,OTHER,,allegation,,
960616,2/24/2023,2022-26642,"01.Failed to timely activate their body worn camera.
Wrongfully deactivated their body-worn camera.",OTHER,,allegation,,
960616,2/26/2023,2022-25226,01.Violated patrol rules.,A-CD,,allegation,,
960616,2/27/2023,2022-24835,01.Failed to timely activate their body worn camera.,OTHER,,allegation,,
960616,2/27/2023,2022-25227,01.Failed to activate their body worn camera.,OTHER,,allegation,,
966608,8/18/2022,2021-23896,failed to render police services.,,"PRE-TRIAL SUSPENSION DAYS (32 day(s) ), VACATION DAYS (20 day(s) )",charge,PLEADED GUILTY,032-032 PRECINCT
966086,6/13/2022,2020-22990,01.Violated uniform rule.,A-CD,A - COMMAND DISCIPLINE,allegation,,
963809,11/8/2023,2023-28539,01.Made improper contact/communications (WhatsApp).,B-CD,"B - COMMAND DISCIPLINE, VACATION DAYS (3 day(s) )",allegation,,
964539,2/8/2023,2022-27482,01.Failed to make proper notifications.,B-CD,A - COMMAND DISCIPLINE,allegation,,
964539,2/8/2023,2022-27482,"02.Failed to make required entries in Department Logs (Command Log, Roll Call, Activity Log, Vehicle Movement/Utilization, Radio Log, Vehicle Assignment, DV Activity Log).",B-CD,A - COMMAND DISCIPLINE,allegation,,
964539,2/8/2023,2022-27482,03.Failed to make required entries in Department Logs.,B-CD,A - COMMAND DISCIPLINE,allegation,,
964539,2/8/2023,2022-27482,04.Wrongful removal to a hospital,B-CD,A - COMMAND DISCIPLINE,allegation,,
964539,2/8/2023,2022-27482,05.Wrongfully used physical force,B-CD,A - COMMAND DISCIPLINE,allegation,,
961803,1/23/2023,2022-27335,01.Wrongful search of a person's property.,NO DISCIPLINARY ACTION,,allegation,,
962457,6/27/2022,2022-25041,Out of the state while on sick leave.,,VACATION DAYS (5 day(s) ),charge,PLEADED GUILTY,584-BRONX COURT SECTION
962457,7/6/2022,2021-23879,criminal association,,"PRE-TRIAL SUSPENSION DAYS (30 day(s) ), VACATION DAYS (10 day(s) )",charge,PLEADED GUILTY,076-076 PRECINCT
962457,7/6/2022,2021-23879,failed to obey lawful order/direction,,"PRE-TRIAL SUSPENSION DAYS (30 day(s) ), VACATION DAYS (10 day(s) )",charge,PLEADED GUILTY,076-076 PRECINCT
964549,7/28/2023,2023-28284,01.Violated patrol rules - failed to provide a business card,A-CD,"A - COMMAND DISCIPLINE, VACATION DAYS (2 day(s) )",allegation,,
964549,7/28/2023,2023-28284,02.Wrongfully frisked an individual known to the Department.,A-CD,"A - COMMAND DISCIPLINE, VACATION DAYS (2 day(s) )",allegation,,
960644,7/19/2019,2019-20788,Failed to take police action.,,"DISMISSAL PROBATION (12 month(s) ), SUSPENDED W/O PAY (30 day(s) ), VACATION DAYS (30 day(s) )",charge,PLEADED GUILTY,042-042 PRECINCT
960644,7/19/2019,2019-20788,Damaged property.,,"DISMISSAL PROBATION (12 month(s) ), SUSPENDED W/O PAY (30 day(s) ), VACATION DAYS (30 day(s) )",charge,PLEADED GUILTY,042-042 PRECINCT
960644,7/19/2019,2019-20788,"Failed to prepare a Property Clerk's Invoice Worksheet, as required.",,"DISMISSAL PROBATION (12 month(s) ), SUSPENDED W/O PAY (30 day(s) ), VACATION DAYS (30 day(s) )",charge,GUILTY,042-042 PRECINCT
960644,7/19/2019,2019-20788,Made inaccurate entries in department record.,,"DISMISSAL PROBATION (12 month(s) ), SUSPENDED W/O PAY (30 day(s) ), VACATION DAYS (30 day(s) )",charge,GUILTY,042-042 PRECINCT
960645,7/7/2020,2020-22290,Wrongfully used physical force resulting in injury.,,SUSPENDED W/O PAY (10 day(s) ),charge,PLEADED GUILTY,069-069 PRECINCT
966101,9/1/2023,2023-28319,01.Violated patrol rules.,A-CD,"A - COMMAND DISCIPLINE, VACATION DAYS (1 day(s) )",allegation,,
966101,9/1/2023,2023-28319,02.Wrongfully frisked an individual known to the Department.,A-CD,"A - COMMAND DISCIPLINE, VACATION DAYS (1 day(s) )",allegation,,
964553,6/14/2022,2021-23998,made computer inquiries unrelated to official Department business.,,VACATION DAYS (30 day(s) ),charge,PLEADED GUILTY,550-DEPARTMENT ADVOCATE OFFICE
964553,6/14/2022,2021-23998,failed to obey a lawful order.,,VACATION DAYS (30 day(s) ),charge,PLEADED GUILTY,550-DEPARTMENT ADVOCATE OFFICE
962469,3/12/2019,2017-18337,"WHILE ON-DUTY, PROBATIONARY POLICE OFFICER WAS SLEEPING WHILE ON DUTY",,"PRE-TRIAL SUSPENSION DAYS (6 day(s) ), VACATION DAYS (4 day(s) )",charge,GUILTY,861-TRANSIT BUREAU DISTRICT 2
962470,6/29/2022,2022-24627,01.Violated patrol rules - failed to provide business card,A-CD,A - COMMAND DISCIPLINE,allegation,,
962470,6/29/2022,2022-24627,02.Violated patrol rules -failed to provide a business card,A-CD,A - COMMAND DISCIPLINE,allegation,,
962470,10/17/2022,2022-26962,01.Violated patrol rules.,A-CD,A - COMMAND DISCIPLINE,allegation,,
962470,10/17/2022,2022-26962,02.Wrongfully frisked an individual known to the Department.,A-CD,A - COMMAND DISCIPLINE,allegation,,
963071,5/19/2022,2022-25196,01.Failed to prepare required reports.,B-CD,,allegation,,
969793,7/7/2023,2023-28112,01.Violated patrol rules - failed to provide a business card,TRAINING,TRAINING,allegation,,
964059,3/28/2022,2021-23620,01.Fail to activate body-worn camera.,OTHER,,allegation,,
962480,8/25/2017,2017-17723,SAID PROBATIONARY POLICE OFFICER ENGAGED IN A PHYSICAL ALTERCATION WITH OFF-DUTY PERSON KNOWN TO THE DEPARTMENT.,,"COUNSELING, PRE-TRIAL SUSPENSION DAYS (30 day(s) )",charge,GUILTY,018-MIDTOWN PRECINCT NORTH
961824,10/10/2022,2022-26953,01.Wrongfully stopped an individual known to the Department.,A-CD,A - COMMAND DISCIPLINE,allegation,,
961824,3/29/2023,2023-28115,01.Interfere with a recording device.,B-CD,,allegation,,
961824,4/6/2023,2023-27796,01.Wrongfully discourteous to an individual known to the Department.,A-CD,"A - COMMAND DISCIPLINE, FORFEITURE OF TIME/LEAVE BALANCES",allegation,,
962490,6/28/2022,2022-24846,01.Violated patrol rules.,TRAINING,,allegation,,
964567,11/8/2023,2023-28535,01.failed to activate BWC,B-CD,"B - COMMAND DISCIPLINE, VACATION DAYS (3 day(s) )",allegation,,
964567,11/8/2023,2023-28535,02.failed to prepare activity logs,B-CD,"B - COMMAND DISCIPLINE, VACATION DAYS (3 day(s) )",allegation,,
963075,11/26/2022,2022-26288,01.Wrongfully used a chokehold.,CHARGES AND SPECIFICATIONS,,allegation,,
963075,11/26/2022,2022-26288,02.Wrongfully used physical force.,CHARGES AND SPECIFICATIONS,,allegation,,
963075,12/2/2022,2022-25617,01.Wrongful threat of force.,CHARGES AND SPECIFICATIONS,,allegation,,
963075,12/2/2022,2022-25617,02.Wrongfully discourteous to an individual known to the Department.,CHARGES AND SPECIFICATIONS,,allegation,,
960709,10/16/2023,2023-28692,01.Wrongfully searched a vehicle.,A-CD,A - COMMAND DISCIPLINE,allegation,,
964067,1/15/2022,2021-24207,01.Wrongful entry of a premises.,A-CD,,allegation,,
964067,1/15/2022,2021-24207,02.Wrongful search of a premises.,A-CD,,allegation,,
964067,1/15/2022,2021-24208,"01.Failed to timely activate body-worn camera.
Wrongfully deactivated body-worn camera.",OTHER,,allegation,,
964935,1/27/2023,2022-27687,01.Violated patrol rules.,A-CD,,allegation,,
960722,10/18/2022,2022-26028,01.Wrongfully discourteous to an individual known to the Department.,A-CD,,allegation,,
964575,10/2/2022,2022-25050,01.Failed to make required entries in Activity Log.,CHARGES AND SPECIFICATIONS,"C - COMMAND DISCIPLINE, VACATION DAYS (9 day(s) )",allegation,,
964575,10/2/2022,2022-25050,02.Failed to prepare required report - medical treatment of prisoner form.,CHARGES AND SPECIFICATIONS,"C - COMMAND DISCIPLINE, VACATION DAYS (9 day(s) )",allegation,,
964575,10/2/2022,2022-25050,03.Failed to properly safeguard a prisoner.,CHARGES AND SPECIFICATIONS,"C - COMMAND DISCIPLINE, VACATION DAYS (9 day(s) )",allegation,,
961842,1/10/2023,2022-25474,01.Failed to activate their body worn camera.,OTHER,,allegation,,
961846,2/24/2023,2022-26648,01.Failed to timely activate their body worn camera.,OTHER,,allegation,,
961846,2/25/2023,2022-25351,01.Wrongfully stopped a vehicle.,A-CD,,allegation,,
961846,5/3/2023,2022-25228,01.Failed to activate their body worn camera.,OTHER,,allegation,,
961846,5/3/2023,2022-25228,02.Failed to prepare required reports.,OTHER,,allegation,,
961846,5/10/2023,2023-27966,01.Violated patrol rules.,B-CD,"B - COMMAND DISCIPLINE, VACATION DAYS (6 day(s) )",allegation,,
961846,5/10/2023,2023-27966,01.Wrongfully frisked an individual known  to the Department.,B-CD,"B - COMMAND DISCIPLINE, VACATION DAYS (6 day(s) )",allegation,,
961846,5/10/2023,2023-27966,02.Wrongfully stopped an individual known to the Department.,B-CD,"B - COMMAND DISCIPLINE, VACATION DAYS (6 day(s) )",allegation,,
962515,4/26/2022,2022-24593,01.Failed to prepare required reports.,OTHER,,allegation,,
962515,4/26/2022,2022-24643,01.Wrongfully discourteous to an individual known to the Department.,A-CD,A - COMMAND DISCIPLINE,allegation,,
962515,4/26/2022,2022-24690,01.Made inaccurate statements to ADA.,CHARGES AND SPECIFICATIONS,"B - COMMAND DISCIPLINE, VACATION DAYS (5 day(s) )",allegation,,
962515,6/21/2022,2022-25432,01.Failed to activate their body-worn camera.,B-CD,"C - COMMAND DISCIPLINE, VACATION DAYS (10 day(s) )",allegation,,
962515,6/21/2022,2022-25432,02.Failed to make required entries in Department Logs (Activity Log),B-CD,"C - COMMAND DISCIPLINE, VACATION DAYS (10 day(s) )",allegation,,
962515,6/21/2022,2022-25432,03.Improper vehicle pursuit.,B-CD,"C - COMMAND DISCIPLINE, VACATION DAYS (10 day(s) )",allegation,,
962515,5/30/2023,2023-28258,01.Wrongfully frisked an individual known to the Department.,NO DISCIPLINARY ACTION,"B - COMMAND DISCIPLINE, VACATION DAYS (3 day(s) )",allegation,,
962515,5/30/2023,2023-28258,02.Wrongfully searched a vehicle.,B-CD,"B - COMMAND DISCIPLINE, VACATION DAYS (3 day(s) )",allegation,,
961850,6/29/2023,2023-28149,01.Violated patrol rules.,A-CD,,allegation,,
961850,6/29/2023,2023-28149,01.Wrongfully discourteous to an individual known to the Department.,A-CD,,allegation,,
961850,8/16/2023,2023-28848,01.Wrongfully used offensive language.,B-CD,,allegation,,
963087,9/14/2022,2022-25675,01.Wrongfully threatened to remove an individual to the hospital.,B-CD,,allegation,,
962519,4/6/2023,2023-27810,01.Violated patrol rules - refused to provide name,A-CD,A - COMMAND DISCIPLINE,allegation,,
966138,7/19/2022,2022-26431,01.Wrongful entry of a premises.,A-CD,A - COMMAND DISCIPLINE,allegation,,
966138,7/19/2022,2022-26431,02.Wrongful search of a premises.,A-CD,A - COMMAND DISCIPLINE,allegation,,
964096,6/8/2022,2022-25516,01.Wrongfully discourteous to an individual known to the Department.,A-CD,,allegation,,
960769,1/9/2023,2022-27315,01.Violated patrol rules - failed to provide a business card,A-CD,A - COMMAND DISCIPLINE,allegation,,
961874,1/31/2023,2022-25764,01.Violated patrol rules.,TRAINING,TRAINING,allegation,,
961874,2/2/2023,2022-25765,01.Wrongfully deactivated their body worn camera.,OTHER,TRAINING,allegation,,
964104,8/22/2022,2022-26516,01.Failed to make required entries in Department Logs.,NO DISCIPLINARY ACTION,,allegation,,
962538,4/19/2022,2021-23340,Unfit for Duty.,,"COUNSELING, VACATION DAYS (30 day(s) )",charge,GUILTY,028-028 PRECINCT
960786,5/21/2022,2022-25383,01.Wrongful entry of a premises.,B-CD,,allegation,,
960786,5/21/2022,2022-25383,02.Wrongful search of a premises.,B-CD,,allegation,,
965255,8/1/2022,2020-22434,01.Improper frisk of an individual,TRAINING,TRAINING,allegation,,
963110,1/12/2023,2022-25341,01.Violated patrol rules.,B-CD,,allegation,,
963110,1/12/2023,2022-25344,01.Failed to prepare required reports.,OTHER,,allegation,,
964111,6/29/2022,2021-24271,Theft of time,,"FORFEITURE OF TIME/LEAVE BALANCES, VACATION DAYS (35 day(s) )",charge,PLEADED GUILTY,026-026 PRECINCT
964111,6/29/2022,2021-24271,Failed to comply with driving rules and regulations.,,"FORFEITURE OF TIME/LEAVE BALANCES, VACATION DAYS (35 day(s) )",charge,PLEADED GUILTY,026-026 PRECINCT
963120,6/24/2022,2021-24185,Failed to conduct an investigation.,,VACATION DAYS (30 day(s) ),charge,PLEADED GUILTY,104-104 PRECINCT
963120,6/24/2022,2021-24185,Failed to make timely notifications.,,VACATION DAYS (30 day(s) ),charge,PLEADED GUILTY,104-104 PRECINCT
965267,8/10/2022,2022-26443,01.Violated patrol rules - failed to provide a business card,A-CD,A - COMMAND DISCIPLINE,allegation,,
960806,3/16/2022,2021-23338,Failed an Integrity Test.,,VACATION DAYS (21 day(s) ),charge,PLEADED GUILTY,136-SOD STRAT RESP GRP 1 MANH
960806,3/16/2022,2021-23338,Wrongfully discourteous to an individual known to the Department.,,VACATION DAYS (21 day(s) ),charge,PLEADED GUILTY,136-SOD STRAT RESP GRP 1 MANH
960806,3/16/2022,2021-23338,Failed to activate their body-worn camera.,,VACATION DAYS (21 day(s) ),charge,PLEADED GUILTY,136-SOD STRAT RESP GRP 1 MANH
960806,11/3/2022,2022-27128,"01.Wrongfully discourteous to an individual known to the Department.
Failure to cover an individual in custody exposed body parts.",B-CD,B - COMMAND DISCIPLINE,allegation,,
964614,2/26/2023,2022-25746,01.Violated patrol rules.,B-CD,,allegation,,
964614,9/13/2023,2023-28995,01.Wrongfully discourteous to an individual known to the Department.,A-CD,,allegation,,
960816,1/27/2023,2022-26063,01.Failed to make required entries in Department Logs.,OTHER,,allegation,,
965275,11/23/2022,2022-27464,01.Wrongfully used physical force.,B-CD,,allegation,,
970667,2/13/2023,2022-27580,01.Failed to obtain language interpretation services.,A-CD,A - COMMAND DISCIPLINE,allegation,,
966172,6/20/2022,2022-25348,01.Wrongful entry of a premises.,TRAINING,,allegation,,
963127,5/18/2022,2022-25178,01.Wrongfully threatened to issue a summons to an individual known to the Department.,B-CD,,allegation,,
970671,8/17/2023,2023-28784,"01.Failed to prepare a Property Clerk's Invoice Worksheet, as required.",INSTRUCTIONS,INSTRUCTIONS,allegation,,
960836,7/25/2022,2022-26456,01.Wrongfully searched a vehicle.,A-CD,A - COMMAND DISCIPLINE,allegation,,
960838,7/1/2023,2023-27997,01.Violated patrol rules.,B-CD,"B - COMMAND DISCIPLINE, VACATION DAYS (2 day(s) )",allegation,,
960838,7/1/2023,2023-27997,02.Wrongfully frisked an individual.,B-CD,"B - COMMAND DISCIPLINE, VACATION DAYS (2 day(s) )",allegation,,
963620,7/23/2022,2022-26069,01.Wrongful search of a person's property.,B-CD,,allegation,,
963620,7/23/2022,2022-26069,02.Wrongfully frisked an individual known to the Department.,B-CD,,allegation,,
963620,7/23/2022,2022-26069,03.Wrongfully searched an individual known to the Department.,B-CD,,allegation,,
963620,12/2/2022,2022-26013,01.Wrongfully used physical force.,A-CD,,allegation,,
960850,11/11/2022,2018-19417,01.Discourtesy.,TRAINING,TRAINING,allegation,,
960850,11/11/2022,2018-19417,01.Improper entry of premise.,TRAINING,TRAINING,allegation,,
960850,11/11/2022,2018-19417,02.Improper frisk.,TRAINING,TRAINING,allegation,,
960850,11/11/2022,2018-19417,02.Improperly threatened to use force.,TRAINING,TRAINING,allegation,,
963130,9/22/2017,2017-17801,"WHILE OFF-DUTY, WRONGFULLY DISCHARGED ONE ROUND FROM HIS FIREARM, CAUSING PROPERTY DAMAGE.",,VACATION DAYS (10 day(s) ),charge,GUILTY,552-RECRUIT TRAINING SECTION
960849,6/16/2022,2022-25358,01.Failed to activate their body worn camera.,OTHER,,allegation,,
969930,5/31/2022,2021-24455,Out of residence while on sick report.,,VACATION DAYS (10 day(s) ),charge,PLEADED GUILTY,161-PATROL BORO MANHATTAN SOUTH
962567,5/25/2023,2023-27877,01.Wrongfully threatened to seize a person's property.,A-CD,A - COMMAND DISCIPLINE,allegation,,
960860,12/6/2022,2022-25810,01.Made false statements during a Civilian Complaint Review Board interview.,CHARGES AND SPECIFICATIONS,,allegation,,
960860,12/6/2022,2022-25810,02.Wrongfully arrested an individual known to the Department.,CHARGES AND SPECIFICATIONS,,allegation,,
960860,12/6/2022,2022-25810,03.Wrongfully threatened to arrest an individual known to the Department.,CHARGES AND SPECIFICATIONS,,allegation,,
965301,2/2/2023,2022-26094,01.Failed to make required entries in Department Logs.,OTHER,,allegation,,
960880,4/28/2022,2022-24730,01.Deployed a Taser outside Department guidelines.,TRAINING,,allegation,,
960880,4/28/2022,2022-24730,02.Wrongfully used physical force.,TRAINING,,allegation,,
969946,3/8/2022,2021-24479,Failed to safeguard a firearm.,,VACATION DAYS (15 day(s) ),charge,PLEADED GUILTY,552-RECRUIT TRAINING SECTION
963639,5/16/2023,2023-28368,01.Violated patrol rules.,A-CD,,allegation,,
960922,6/16/2020,2020-22030,Accessed body-worn camera footage for purposes unrelated to official Department business.,,VACATION DAYS (15 day(s) ),charge,GUILTY,086-
970695,7/11/2022,2021-24258,01.Failed to safeguard a prisoner.,B-CD,"B - COMMAND DISCIPLINE, VACATION DAYS (4 day(s) )",allegation,,
964651,8/30/2022,2021-23898,failed to render police services.,,"PRE-TRIAL SUSPENSION DAYS (32 day(s) ), VACATION DAYS (20 day(s) )",charge,PLEADED GUILTY,032-032 PRECINCT
964169,5/31/2022,2022-24927,01.Wrongfully discourteous to an individual known to the Department.,B-CD,"B - COMMAND DISCIPLINE, VACATION DAYS (5 day(s) )",allegation,,
964169,1/10/2023,2022-25479,01.Wrongfully used physical force.,B-CD,,allegation,,
964169,1/13/2023,2022-25480,01.Failed to activate their body worn camera.,OTHER,,allegation,,
964169,1/13/2023,2022-25480,02.Failed to prepare required reports.,OTHER,,allegation,,
964169,2/27/2023,2022-24828,01.Failed to activate their body worn camera.,OTHER,,allegation,,
964169,3/12/2023,2022-25352,01.Violated patrol rules.,A-CD,,allegation,,
964169,10/8/2023,2023-28321,01.Violated patrol rules - failed to provide a department business card,A-CD,"A - COMMAND DISCIPLINE, FORFEITURE OF TIME/LEAVE BALANCES",allegation,,
964169,11/6/2023,2022-24729,01.Wrongfully use of force.,CHARGES AND SPECIFICATIONS,"B - COMMAND DISCIPLINE, VACATION DAYS (10 day(s) )",allegation,,
944810,2/6/2015,2014-11448,"WHILE ON-DUTY, ABUSED HIS AUTHORITY AS A MEMBER OF THE NEW YORK CITY POLICE DEPARTMENT IN THAT HE STOPPED A PERSON KNOWN TO THE DEPARTMENT WITHOUT SUFFICIENT LEGAL AUTHORITY.",,VACATION DAYS (2 day(s) ),charge,GUILTY,079-079 PRECINCT
944810,2/6/2015,2014-11448,"WHILE ON-DUTY, ABUSED HIS AUTHORITY AS A MEMBER OF THE NEW YORK CITY POLICE DEPARTMENT IN THAT HE STOPPED A PERSON KNOWN TO THE DEPARTMENT WITHOUT SUFFICIENT LEGAL AUTHORITY.",,VACATION DAYS (2 day(s) ),charge,GUILTY,079-079 PRECINCT
944810,5/6/2022,2021-24364,Involved in a verbal altercation,,"COUNSELING, PRE-TRIAL SUSPENSION DAYS (30 day(s) )",charge,PLEADED GUILTY,641-GUN VIOL SUPP DIV Z1
964658,5/13/2022,2020-22995,01.Violated Patrol Rules.,A-CD,A - COMMAND DISCIPLINE,allegation,,
964658,5/13/2022,2020-22995,02.Violated Uniform Rules.,A-CD,A - COMMAND DISCIPLINE,allegation,,
970001,6/16/2023,2023-28202,01.Wrongful search of a premises.,A-CD,,allegation,,
963659,2/9/2023,2022-26860,01.Failed to prepare required reports.,OTHER,,allegation,,
961961,2/15/2023,2022-26269,01.Violated patrol rules.,B-CD,,allegation,,
961961,2/15/2023,2022-26270,01.Failed to make required entries in Department Logs.,OTHER,,allegation,,
961961,2/27/2023,2022-25709,01.Violated patrol rules.,B-CD,,allegation,,
961961,2/27/2023,2022-25715,01.Wrongfully deactivated their body worn camera.,OTHER,,allegation,,
963666,2/24/2023,2022-25229,01.Failed to timely activate their body worn camera.,OTHER,,allegation,,
964678,12/2/2022,2022-25829,01.Wrongfully searched an individual known to the Department.,CHARGES AND SPECIFICATIONS,,allegation,,
964678,12/2/2022,2022-25829,02.Wrongfully unholstered/displayed a firearm.,CHARGES AND SPECIFICATIONS,,allegation,,
964190,8/3/2022,2022-26189,01.Wrongfully discourteous to an individual known to the Department.,A-CD,,allegation,,
961548,5/16/2023,2023-28375,01.Wrongfully discourteous to an individual known to the Department.,A-CD,,allegation,,
933110,2/3/2014,2014-11266,PROVIDED MISLEADING INFORMATION REGARDING UNAUTHORIZED NOTEBOOKS THAT WERE NOT RELATED TO OFFICIAL DEPARTMENT BUSINESS.,,VACATION DAYS (15 day(s) ),charge,GUILTY,871-TRANSIT BUREAU DISTRICT 34
933110,2/3/2014,2014-11266,WROTE ENTRIES IN AN UNAUTHORIZED NOTEBOOK THAT WAS NOT RELATED TO OFFICIAL DEPARTMENT BUSINESS.,,VACATION DAYS (15 day(s) ),charge,GUILTY,871-TRANSIT BUREAU DISTRICT 34
933110,4/26/2023,2023-28207,01.Wrongful entry of a premises.,A-CD,,allegation,,
933110,4/26/2023,2023-28207,02.Wrongful search of a premises.,A-CD,,allegation,,
970749,7/1/2023,2023-28196,01.Failed to obtain medical treatment.,NO DISCIPLINARY ACTION,,allegation,,
970754,2/10/2023,2022-27379,01.Failed to prepare required reports.,A-CD,A - COMMAND DISCIPLINE,allegation,,
961985,7/1/2023,2023-27998,01.Violated patrol rules.,A-CD,"A - COMMAND DISCIPLINE, VACATION DAYS (1 day(s) )",allegation,,
962666,1/6/2023,2022-27641,01.Wrongfully discourteous.,A-CD,,allegation,,
970061,6/22/2022,2022-26002,Unfit for duty.,,"COUNSELING, DISMISSAL PROBATION (12 month(s) ), ORDERED BREATH TESTING, VACATION DAYS (40 day(s) )",charge,PLEADED GUILTY,014-MIDTOWN PRECINCT SOUTH
970061,6/22/2022,2022-26002,Wrongfully discourteous to an individual known to the Department.,,"COUNSELING, DISMISSAL PROBATION (12 month(s) ), ORDERED BREATH TESTING, VACATION DAYS (40 day(s) )",charge,PLEADED GUILTY,014-MIDTOWN PRECINCT SOUTH
962007,12/17/2019,2019-21249,Harassment.,,"COUNSELING, RESTORATION OF SUSPENSION DAYS (13 day(s) ), SUSPENDED W/O PAY (20 day(s) )",charge,GUILTY,044-044 PRECINCT
963691,3/28/2019,2018-18825,WHILE ON-DUTY WRONGFULLY CAUSED FALSE ENTRIES TO BE MADE IN DEPARTMENT RECORDS.,,VACATION DAYS (10 day(s) ),charge,GUILTY,094-094 PRECINCT
963691,3/28/2019,2018-18825,WHILE ON-DUTY WRONGFULLY CAUSED FALSE ENTRIES TO BE MADE IN DEPARTMENT RECORDS.,,VACATION DAYS (10 day(s) ),charge,GUILTY,094-094 PRECINCT
964209,8/2/2022,2022-25451,01.Failed to obtain medical treatment.,A-CD,,allegation,,
962683,4/28/2022,2022-24851,01.Violated patrol rules.,B-CD,,allegation,,
962683,10/18/2022,2022-25718,01.Failed to timely activate body worn camera.,OTHER,,allegation,,
962683,11/26/2022,2022-25716,01.Wrongful threat of force.,CHARGES AND SPECIFICATIONS,,allegation,,
962683,11/26/2022,2022-25716,01.Wrongfully discourteous to an individual known to the Department.,CHARGES AND SPECIFICATIONS,,allegation,,
962683,11/26/2022,2022-25716,02.Wrongfully used offensive language.,CHARGES AND SPECIFICATIONS,,allegation,,
964211,11/8/2023,2023-28534,01.failed to activate BWC,B-CD,"B - COMMAND DISCIPLINE, VACATION DAYS (3 day(s) )",allegation,,
964211,11/8/2023,2023-28534,02.failed to prepare activity logs,B-CD,"B - COMMAND DISCIPLINE, VACATION DAYS (3 day(s) )",allegation,,
962021,8/24/2022,2021-23964,01.Wrongful removal to a hospital.,TRAINING,TRAINING,allegation,,
962021,1/11/2023,2022-25530,01.Violated patrol rules.,B-CD,,allegation,,
962021,1/11/2023,2022-25532,01.Failed to activate their body worn camera.,OTHER,,allegation,,
962021,1/11/2023,2022-25532,02.Failed to prepare required reports.,OTHER,,allegation,,
962021,2/2/2023,2022-26019,01.Failed to timely activate body worn camera.,OTHER,,allegation,,
962021,10/18/2023,2022-26016,01.Wrongfully discourteous to an individual known to the Department.,CHARGES AND SPECIFICATIONS,,allegation,,
963699,2/2/2023,2022-26098,01.Failed to make required entries in Department Logs.,OTHER,,allegation,,
963699,3/22/2023,2021-23877,01.Failed to activate body-worn camera.,TRAINING,TRAINING,allegation,,
963699,3/22/2023,2021-23877,02.Failed to make required entries in Department Logs.,TRAINING,TRAINING,allegation,,
962702,1/15/2022,2021-24500,01.Wrongful threat of force.,B-CD,,allegation,,
962702,1/15/2022,2021-24500,01.Wrongfully discourteous to an individual known to the Department.,B-CD,,allegation,,
937315,7/4/2023,2022-26564,01.Failed to make required entries in Department Logs.,OTHER,TRAINING,allegation,,
937315,7/4/2023,2022-26564,02.Violated patrol rules - failed to provide a business card,TRAINING,TRAINING,allegation,,
962709,5/11/2023,2022-25905,01.Failed to prepare required reports.,OTHER,,allegation,,
965440,5/3/2023,2022-27608,01.Wrongfully discourteous to an individual known to the Department.,A-CD,"A - COMMAND DISCIPLINE, VACATION DAYS (1 day(s) )",allegation,,
962721,10/11/2022,2022-25814,01.Violated patrol rules.,A-CD,,allegation,,
962724,8/2/2022,2022-25237,01.Failed to activate their body worn camera.,OTHER,,allegation,,
965450,4/18/2022,2018-19823,"01.Failed to make proper notifications (Patrol Supervisor, IAB, Desk Sergeant, Sick Desk 
Supervisor, ACS, Commanding Officer if PPO, Operations Unit, CCRB, etc.).",CHARGES AND SPECIFICATIONS,"B - COMMAND DISCIPLINE, VACATION DAYS (2 day(s) )",allegation,,
965450,4/18/2022,2018-19823,"02.Involved in a verbal altercation.
Involved in a physical altercation.",CHARGES AND SPECIFICATIONS,"B - COMMAND DISCIPLINE, VACATION DAYS (2 day(s) )",allegation,,
964238,6/21/2022,2022-25431,01.Failed to activate their body-worn camera.,B-CD,"C - COMMAND DISCIPLINE, VACATION DAYS (8 day(s) )",allegation,,
964238,6/21/2022,2022-25431,02.Failed to make required entries in Department Logs ( Activity Log).,B-CD,"C - COMMAND DISCIPLINE, VACATION DAYS (8 day(s) )",allegation,,
964238,6/21/2022,2022-25431,03.Failed to notify the radio dispatcher about a vehicle pursuit.,B-CD,"C - COMMAND DISCIPLINE, VACATION DAYS (8 day(s) )",allegation,,
964238,6/21/2022,2022-25431,04.Improper vehicle pursuit.,B-CD,"C - COMMAND DISCIPLINE, VACATION DAYS (8 day(s) )",allegation,,
962728,11/6/2021,2021-23841,01.Wrongfully discourteous to an individual known to the Department,A-CD,A - COMMAND DISCIPLINE,allegation,,
962728,3/21/2023,2021-23842,01.Failed to make required entries in Department Logs.,TRAINING,TRAINING,allegation,,
965457,1/24/2022,2022-24518,01.Exercised excessive force resulting in injury.,CHARGES AND SPECIFICATIONS,"B - COMMAND DISCIPLINE, VACATION DAYS (6 day(s) )",allegation,,
965457,1/24/2022,2022-24518,02.Failed to activate Body-worn camera.,NO DISCIPLINARY ACTION,"B - COMMAND DISCIPLINE, VACATION DAYS (6 day(s) )",allegation,,
965457,1/24/2022,2022-24518,03.Failed to make required entries in Department Activity Logs.,CHARGES AND SPECIFICATIONS,"B - COMMAND DISCIPLINE, VACATION DAYS (6 day(s) )",allegation,,
965840,6/14/2022,2021-23656,01.Violated Uniform Rule - Obstructed Shield Number,B-CD,"B - COMMAND DISCIPLINE, VACATION DAYS (6 day(s) )",allegation,,
965840,6/14/2022,2021-23656,02.Violated Uniform Rule - Obstructed name/nameplate,B-CD,"B - COMMAND DISCIPLINE, VACATION DAYS (6 day(s) )",allegation,,
961174,8/2/2022,2022-25554,01.Failed to activate their body-worn camera.,CHARGES AND SPECIFICATIONS,"C - COMMAND DISCIPLINE, VACATION DAYS (8 day(s) )",allegation,,
961174,8/2/2022,2022-25554,02.Failed to notify the radio dispatcher about a vehicle pursuit.,CHARGES AND SPECIFICATIONS,"C - COMMAND DISCIPLINE, VACATION DAYS (8 day(s) )",allegation,,
961558,6/8/2022,2022-25543,01.Wrongfully searched an individual known to the Department.,A-CD,,allegation,,
961538,6/11/2019,2019-20323,Violated patrol rules.,,INSTRUCTIONS,charge,PLEADED GUILTY,044-044 PRECINCT
965481,6/21/2023,2022-24983,01.Wrongfully threatened to remove an individual to the hospital,B-CD,VACATION DAYS (5 day(s) ),allegation,,
964737,6/5/2023,2020-21760,01.Improperly entered an apartment without sufficient authority to do so.,TRAINING,TRAINING,allegation,,
961208,1/23/2023,2022-26938,01.Violated patrol rules - failed to provide a business card,A-CD,A - COMMAND DISCIPLINE,allegation,,
961208,1/23/2023,2022-26938,02.Wrongfully discourteous to an individual known to the Department.,A-CD,A - COMMAND DISCIPLINE,allegation,,
961208,1/23/2023,2022-26939,01.Failed to make required entries in Department Logs.,OTHER,,allegation,,
962764,3/29/2022,2022-24557,01.Made computer inquiries unrelated to official Department business.,B-CD,"B - COMMAND DISCIPLINE, VACATION DAYS (5 day(s) )",allegation,,
966319,6/16/2022,2022-24865,01.Failed to activate their body worn camera.,OTHER,,allegation,,
965492,4/19/2023,2023-27952,01.Violated patrol rules - refused to provide his name,A-CD,A - COMMAND DISCIPLINE,allegation,,
963733,9/17/2022,2019-20983,01.Improperly seized property of a person known to the department.,TRAINING,TRAINING,allegation,,
963733,9/17/2022,2019-20983,02.Improperly used his body-worn camera.,OTHER,TRAINING,allegation,,
963733,1/27/2023,2022-27686,01.Wrongfully discourteous to an individual known to the Department.,A-CD,,allegation,,
966321,12/14/2022,2022-27111,01.Failed to prepare required reports.,B-CD,"B - COMMAND DISCIPLINE, VACATION DAYS (5 day(s) )",allegation,,
966325,8/3/2022,2022-26697,01.Failed to prepare required reports.,OTHER,,allegation,,
962769,2/22/2023,2022-27012,01.Wrongfully discourteous to an individual.,TRAINING,,allegation,,
962769,2/22/2023,2022-27012,01.Wrongfully used offensive language.,TRAINING,,allegation,,
962769,10/5/2023,2023-28840,01.Wrongfully discourteous to an individual known to the Department.,A-CD,A - COMMAND DISCIPLINE,allegation,,
963257,9/16/2023,2023-28616,01.Violated patrol rules - failed to provide a business card,A-CD,A - COMMAND DISCIPLINE,allegation,,
962772,8/9/2022,2022-24579,01.Failed to activate their body worn camera.,OTHER,,allegation,,
962772,8/9/2022,2022-24579,02.Failed to prepare required reports.,OTHER,,allegation,,
963740,8/22/2023,2022-27594,01.Failed to activate their body-worn camera.,CHARGES AND SPECIFICATIONS,"B - COMMAND DISCIPLINE, VACATION DAYS (1 day(s) )",allegation,,
963740,8/22/2023,2022-27594,02.Failed to make proper notifications,CHARGES AND SPECIFICATIONS,"B - COMMAND DISCIPLINE, VACATION DAYS (1 day(s) )",allegation,,
963740,8/22/2023,2022-27594,03.Failed to take police action.,CHARGES AND SPECIFICATIONS,"B - COMMAND DISCIPLINE, VACATION DAYS (1 day(s) )",allegation,,
961564,1/15/2022,2021-24358,01.Failed to activate their body worn camera.,OTHER,,allegation,,
963742,11/4/2023,2023-28690,01.Interfere with a recording device.,CHARGES AND SPECIFICATIONS,"B - COMMAND DISCIPLINE, VACATION DAYS (10 day(s) )",allegation,,
963742,11/4/2023,2023-28690,02.Wrongfully discourteous to an individual known to the Department.,CHARGES AND SPECIFICATIONS,"B - COMMAND DISCIPLINE, VACATION DAYS (10 day(s) )",allegation,,
937485,9/21/2010,2010-2802,"WHILE OFF-DUTY, POLICE OFFICER WAS INVOLVED IN A DOMESTIC DISPUTE WITH A PERSON KNOWN TO THE DEPARTMENT AND UPON THE ARRIVAL OF UNIFORMED MEMBERS OF THE SERVICE TO THEIR RESIDENCE, POLICE OFFICER SECRETED HIMSELF FROM THE RESPONDING OFFICERS.",,"DISMISSAL PROBATION (12 month(s) ), PRE-TRIAL SUSPENSION DAYS (32 day(s) ), VACATION DAYS (28 day(s) )",charge,GUILTY,052-052 PRECINCT
937485,9/21/2010,2010-2802,"WHILE OFF-DUTY, DID FAIL AND NEGLECT TO PROPERLY SAFEGUARD HIS FIREARM.",,"DISMISSAL PROBATION (12 month(s) ), PRE-TRIAL SUSPENSION DAYS (32 day(s) ), VACATION DAYS (28 day(s) )",charge,GUILTY,052-052 PRECINCT
937485,9/21/2010,2010-2802,"WHILE OFF-DUTY, POLICE OFFICER KNOWLINGLY ACTED IN A MANNER LIKELY TO BE INJURIOUS TO THE PHYSICAL, MENTAL, OR MORAL WELFARE OF CHILDREN LESS THAN SEVENTEEN (17) YEARS OLD.",,"DISMISSAL PROBATION (12 month(s) ), PRE-TRIAL SUSPENSION DAYS (32 day(s) ), VACATION DAYS (28 day(s) )",charge,GUILTY,052-052 PRECINCT
937485,11/28/2011,2010-1863,"WHILE ON-DUTY, FAILED TO CONDUCT AN INVESTIGATION INTO AN ALLEGATION OF A PHYSICAL DISPUTE.",,"DISMISSAL PROBATION (12 month(s) ), PRE-TRIAL SUSPENSION DAYS (32 day(s) ), VACATION DAYS (28 day(s) )",charge,GUILTY,052-052 PRECINCT
937485,11/28/2011,2010-1863,"WHILE ON-DUTY, FAILED TO OBTAIN MEDICAL ATTENTION FOR AN INJURED PERSON.",,"DISMISSAL PROBATION (12 month(s) ), PRE-TRIAL SUSPENSION DAYS (32 day(s) ), VACATION DAYS (28 day(s) )",charge,GUILTY,052-052 PRECINCT
937485,11/28/2011,2010-1863,"WHILE ON-DUTY, AFTER HAVING BEEN INVOLVED IN AN UNUSUAL POLICE INCIDENT, DID FAIL AND NEGLECT TO REQUEST THE RESPONSE OF A PATROL SUPERVISOR, PRECINCT OF OCCURRENCE, AS REQUIRED.",,"DISMISSAL PROBATION (12 month(s) ), PRE-TRIAL SUSPENSION DAYS (32 day(s) ), VACATION DAYS (28 day(s) )",charge,GUILTY,052-052 PRECINCT
937485,11/28/2011,2010-1863,"WHILE ON-DUTY, HAVING BECOME AWARE OF MISCONDUCT INVOLVING A MEMBER OF THE SERVICE, DID FAIL AND NEGLECT TO NOTIFY THE INTERNAL AFFAIRS BUREAU COMMAND CENTER, AS REQUIRED.",,"DISMISSAL PROBATION (12 month(s) ), PRE-TRIAL SUSPENSION DAYS (32 day(s) ), VACATION DAYS (28 day(s) )",charge,GUILTY,052-052 PRECINCT
970840,8/10/2022,2021-23792,Made misleading statements during an official Department interview.,,"DISMISSAL PROBATION (12 month(s) ), PRE-TRIAL SUSPENSION DAYS (31 day(s) ), VACATION DAYS (24 day(s) )",charge,PLEADED GUILTY,49-049 PRECINCT
970840,8/10/2022,2021-23792,Failed to make proper notifications.,,"DISMISSAL PROBATION (12 month(s) ), PRE-TRIAL SUSPENSION DAYS (31 day(s) ), VACATION DAYS (24 day(s) )",charge,PLEADED GUILTY,49-049 PRECINCT
970840,8/10/2022,2021-23792,Harassment.,,"DISMISSAL PROBATION (12 month(s) ), PRE-TRIAL SUSPENSION DAYS (31 day(s) ), VACATION DAYS (24 day(s) )",charge,PLEADED GUILTY,49-049 PRECINCT
964281,6/8/2022,2022-25388,01.Violated patrol rules.,A-CD,,allegation,,
962089,3/27/2023,2022-27655,01.Wrongfully threatened to remove an individual to the hospital,B-CD,"B - COMMAND DISCIPLINE, VACATION DAYS (5 day(s) )",allegation,,
962787,7/11/2022,2022-25791,01.Wrongfully threatened to arrest an individual known to the Department.,B-CD,,allegation,,
962787,9/14/2022,2022-25902,01.Failed to activate their body worn camera.,OTHER,,allegation,,
962091,6/24/2022,2021-24268,Wrongfully accessed confidential Department information.,,VACATION DAYS (30 day(s) ),charge,PLEADED GUILTY,804-HOUSING PSA 4
962091,6/24/2022,2021-24268,Insubordination and Discourtesy.,,VACATION DAYS (30 day(s) ),charge,GUILTY,804-HOUSING PSA 4
962091,6/24/2022,2021-24268,Violated patrol rules.,,VACATION DAYS (30 day(s) ),charge,PLEADED GUILTY,804-HOUSING PSA 4
962791,7/23/2022,2022-26132,01.Wrongfully frisked an individual known to the Department.,B-CD,,allegation,,
962791,7/23/2022,2022-26132,02.Wrongfully stopped an individual known to the Department.,B-CD,,allegation,,
962791,10/14/2022,2022-25611,01.Wrongfully discourteous to an individual known to the Department.,A-CD,,allegation,,
961267,1/18/2022,2021-23483,01.Wrongfully use physical force.,A-CD,A - COMMAND DISCIPLINE,allegation,,
961271,6/30/2022,2019-20714,01.improper threat of an arrest,TRAINING,TRAINING,allegation,,
961273,11/23/2022,2020-22796,01.Failed to provide a department business card,INSTRUCTIONS,TRAINING,allegation,,
963268,8/1/2022,2020-22266,01.Refused to provide name,INSTRUCTIONS,INSTRUCTIONS,allegation,,
963268,8/1/2022,2020-22266,02.Refused to provide shield number,INSTRUCTIONS,INSTRUCTIONS,allegation,,
963270,3/16/2022,2021-24339,01.Computer Misuse.,CHARGES AND SPECIFICATIONS,"A - COMMAND DISCIPLINE, VACATION DAYS (5 day(s) )",allegation,,
962102,8/16/2022,2022-26296,01.Failed to activate their body worn camera.,OTHER,,allegation,,
963758,11/9/2022,2021-24054,Involved in a verbal and physical altercation.,,"COUNSELING, DISMISSAL PROBATION (12 month(s) ), PRE-TRIAL SUSPENSION DAYS (49 day(s) ), VACATION DAYS (10 day(s) )",charge,PLEADED GUILTY,040-040 PRECINCT
963758,11/29/2022,2021-23973,01.Involved in a physical altercation.,CHARGES AND SPECIFICATIONS,,allegation,,
963758,11/29/2022,2021-23973,02.Prevented a 911 call in progress.,CHARGES AND SPECIFICATIONS,,allegation,,
970216,10/11/2023,2023-28455,01.Wrongfully discourteous to an individual known to the Department.,A-CD,A - COMMAND DISCIPLINE,allegation,,
966343,8/22/2023,2022-25332,01.Wrongful entry of a premises.,TRAINING,TRAINING,allegation,,
965530,9/17/2022,2022-25653,01.Violated patrol rules.,A-CD,,allegation,,
962109,8/13/2020,2020-21683,Improper vehicle pursuit.,,VACATION DAYS (45 day(s) ),charge,GUILTY,077-077 PRECINCT
962109,8/13/2020,2020-21683,Failed to notify the radio dispatcher about a vehicle pursuit.,,VACATION DAYS (45 day(s) ),charge,GUILTY,077-077 PRECINCT
962109,8/13/2020,2020-21683,Failed to make required entries in Activity Log.,,VACATION DAYS (45 day(s) ),charge,GUILTY,077-077 PRECINCT
962109,8/13/2020,2020-21683,Failed to activate body-worn camera.,,VACATION DAYS (45 day(s) ),charge,GUILTY,077-077 PRECINCT
962109,8/13/2020,2020-21683,"Said Police Officer Austin Slamowitz, while assigned to the 77th Precinct, on or about September 5, 2019, failed to notify a radio dispatcher when pursued vehicle was lost and/or pursuit was terminated.",,VACATION DAYS (45 day(s) ),charge,GUILTY,077-077 PRECINCT
962109,8/13/2020,2020-21683,Made inaccurate statements during an official Department interview.,,VACATION DAYS (45 day(s) ),charge,GUILTY,077-077 PRECINCT
962109,2/7/2023,2022-25649,01.Violated patrol rules.,B-CD,,allegation,,
962109,2/7/2023,2022-25651,01.Failed to prepare required reports.,OTHER,,allegation,,
963282,6/27/2022,2022-25753,01.Failed to obtain medical treatment.,A-CD,"A - COMMAND DISCIPLINE, FORFEITURE OF TIME/LEAVE BALANCES",allegation,,
962110,8/17/2022,2022-26366,01.Failed to prepare required reports.,OTHER,,allegation,,
937422,1/12/2022,2021-24380,01.Violated social media guidelines.,INSTRUCTIONS,"C - COMMAND DISCIPLINE, VACATION DAYS (8 day(s) )",allegation,,
937564,6/29/2022,2021-23370,Misuse of time.,,"FORFEITURE OF TIME/LEAVE BALANCES, VACATION DAYS (20 day(s) )",charge,PLEADED GUILTY,046-046 PRECINCT
937564,6/29/2022,2021-23370,Failed to make proper activity log entries.,,"FORFEITURE OF TIME/LEAVE BALANCES, VACATION DAYS (20 day(s) )",charge,PLEADED GUILTY,046-046 PRECINCT
937565,9/27/2022,2022-27124,01.Wrongful entry of a premises.,A-CD,,allegation,,
964782,1/19/2022,2021-24045,01.Wrongfully questioned an individual.,A-CD,,allegation,,
964782,11/3/2022,2022-25534,01.Violated patrol rules.,B-CD,,allegation,,
964782,11/17/2022,2022-25535,01.Failed to prepare required reports.,OTHER,,allegation,,
964782,11/17/2022,2022-25535,02.Failed to timely activate body worn camera.,OTHER,,allegation,,
964782,1/23/2023,2022-26914,01.Failed to make required entries in Department Logs.,OTHER,,allegation,,
963764,7/6/2022,2022-24666,01.Wrongfully discourteous to an individual known to the Department.,A-CD,A - COMMAND DISCIPLINE,allegation,,
965879,10/19/2022,2022-26184,01.Wrongfully discourteous.,A-CD,,allegation,,
970240,1/8/2023,2022-27355,01.Failed to activate body-worn camera.,A-CD,"A - COMMAND DISCIPLINE, FORFEITURE OF TIME/LEAVE BALANCES",allegation,,
970240,1/8/2023,2022-27355,02.Failed to prepare a Property Clerk's Invoice Worksheet.,A-CD,"A - COMMAND DISCIPLINE, FORFEITURE OF TIME/LEAVE BALANCES",allegation,,
964300,4/28/2020,2020-22004,Made computer inquiries unrelated to official Department business.,,"SUSPENDED W/O PAY (30 day(s) ), VACATION DAYS (30 day(s) )",charge,PLEADED GUILTY,007-007 PRECINCT
964300,4/28/2020,2020-22004,Failed to obey a lawful order.,,"SUSPENDED W/O PAY (30 day(s) ), VACATION DAYS (30 day(s) )",charge,PLEADED GUILTY,007-007 PRECINCT
964300,4/28/2020,2020-22004,Made misleading or inaccurate statements during an official Department interview.,,"SUSPENDED W/O PAY (30 day(s) ), VACATION DAYS (30 day(s) )",charge,PLEADED GUILTY,007-007 PRECINCT
964300,4/28/2020,2020-22004,Made misleading or inaccurate statements during an official Department interview.,,"SUSPENDED W/O PAY (30 day(s) ), VACATION DAYS (30 day(s) )",charge,PLEADED GUILTY,007-007 PRECINCT
966872,7/21/2023,2023-28741,01.Wrongfully threatened to arrest an individual known to the Department.,B-CD,,allegation,,
966354,10/30/2023,2023-28544,01.Made improper contact/communications (WhatsApp).,B-CD,"B - COMMAND DISCIPLINE, VACATION DAYS (3 day(s) )",allegation,,
963771,10/11/2023,2022-25566,01.Interfere with a recording device.,CHARGES AND SPECIFICATIONS,"B - COMMAND DISCIPLINE, VACATION DAYS (10 day(s) )",allegation,,
963771,10/11/2023,2022-25566,02.Wrongfully used physical force.,CHARGES AND SPECIFICATIONS,"B - COMMAND DISCIPLINE, VACATION DAYS (10 day(s) )",allegation,,
962833,11/9/2022,2022-27072,01.Wrongfully used physical force.,CHARGES AND SPECIFICATIONS,"B - COMMAND DISCIPLINE, VACATION DAYS (1 day(s) )",allegation,,
962833,2/16/2023,2022-24803,01.Failed to make required entries in Department Logs.,B-CD,TRAINING,allegation,,
962833,2/16/2023,2022-24803,02.Wrongfully used physical force.,B-CD,TRAINING,allegation,,
937618,9/29/2014,2014-12463,FAILED TO SAFEGUARD A PRISONER.,,VACATION DAYS (20 day(s) ),charge,GUILTY,541-NARCOTICS BOROUGH QUEENS
937618,9/29/2014,2014-12463,FAILED TO SAFEGUARD ARREST EVIDENCE.,,VACATION DAYS (20 day(s) ),charge,GUILTY,541-NARCOTICS BOROUGH QUEENS
962838,4/14/2022,2020-22226,01.Discourteous to another person.,INSTRUCTIONS,INSTRUCTIONS,allegation,,
962838,4/14/2022,2020-22226,02.Improperly used department equipment.,INSTRUCTIONS,INSTRUCTIONS,allegation,,
962838,10/11/2022,2022-26729,01.Failed to make required entries in Department Logs.,OTHER,,allegation,,
962838,10/11/2022,2022-26729,02.Violated patrol rules.,OTHER,,allegation,,
962838,10/11/2022,2022-26734,01.Violated patrol rules - failed to provide a business card,A-CD,A - COMMAND DISCIPLINE,allegation,,
962838,10/11/2022,2022-26737,01.Failed to make required entries in Department Logs.,OTHER,,allegation,,
962838,10/14/2022,2022-26726,01.Violated patrol rules - failure to provide business card,OTHER,A - COMMAND DISCIPLINE,allegation,,
962839,8/2/2022,2022-25309,01.Failed to make required entries in Department Logs.,OTHER,,allegation,,
962839,8/16/2022,2022-26434,01.Wrongfully searched an individual known to the Department.,A-CD,"A - COMMAND DISCIPLINE, FORFEITURE OF TIME/LEAVE BALANCES",allegation,,
970264,10/4/2023,2023-28813,01.Early deactivation of body worn camera,B-CD,B - COMMAND DISCIPLINE,allegation,,
970264,10/4/2023,2023-28813,02.Failed to activate body worn camera,B-CD,B - COMMAND DISCIPLINE,allegation,,
970264,10/4/2023,2023-28813,03.Failed to notify radio dispatcher,B-CD,B - COMMAND DISCIPLINE,allegation,,
970264,10/4/2023,2023-28813,04.Failed to record information in activity log,B-CD,B - COMMAND DISCIPLINE,allegation,,
937651,12/8/2022,2022-25440,01.Failed to make required entries in Department Logs.,OTHER,,allegation,,
937651,5/8/2023,2023-28193,01.Wrongfully searched a vehicle.,A-CD,,allegation,,
963782,6/20/2022,2022-25349,01.Wrongful entry of a premises.,B-CD,,allegation,,
963782,6/20/2022,2022-25349,02.Wrongfully damaged property.,B-CD,,allegation,,
970273,2/25/2023,2022-26983,01.Failed to prepare required reports.,B-CD,"B - COMMAND DISCIPLINE, VACATION DAYS (5 day(s) )",allegation,,
963785,7/7/2022,2020-22947,01.Failed to process a civilian complaint.,TRAINING,TRAINING,allegation,,
961399,12/8/2022,2021-23655,01.Failed to activate body-worn camera.,NO DISCIPLINARY ACTION,,allegation,,
961399,12/8/2022,2021-23655,02.Failed to make required entries in Department Logs.,NO DISCIPLINARY ACTION,,allegation,,
931365,1/5/2016,2015-13788,"WHILE OFF-DUTY, GRABBED THE HAIR OF A PERSON KNOWN TO THE DEPARTMENT AND FORCED HER INTO HIS VEHICLE.",,"COUNSELING, PRE-TRIAL SUSPENSION DAYS (32 day(s) )",charge,GUILTY,165-PATROL BORO BROOKLYN NORTH
931365,1/5/2016,2015-13788,"WHILE DRIVING, STRUCK A PERSON KNOWN TO THE DEPARTMENT ONE OR MORE TIMES.",,"COUNSELING, PRE-TRIAL SUSPENSION DAYS (32 day(s) )",charge,GUILTY,165-PATROL BORO BROOKLYN NORTH
931365,1/5/2016,2015-13788,CAUSED A PERSON KNOWN TO THE DEPARTMENT TO FEAR FOR HER SAFETY AND JUMP OUT OF A MOVING VEHICLE.,,"COUNSELING, PRE-TRIAL SUSPENSION DAYS (32 day(s) )",charge,GUILTY,165-PATROL BORO BROOKLYN NORTH
931365,1/5/2016,2015-13788,"BEING PRESENT AS A PARTICIPANT OR WITNESS AT THE SCENE OF AN UNUSUAL POLICE OCCURRENCE, FAILED TO REMAIN AT THE SCENE OF  THE INCIDENT AND/OR PROMPTLY NOTIFY THE DESK OFFICER, PRECINCT OF OCCURRENCE.",,"COUNSELING, PRE-TRIAL SUSPENSION DAYS (32 day(s) )",charge,GUILTY,165-PATROL BORO BROOKLYN NORTH
961415,8/1/2022,2022-25154,01.Failed to make required entries in Department Logs.,OTHER,,allegation,,
966387,6/27/2022,2021-24075,Failed to activate his Body-Worn Camera.,,VACATION DAYS (30 day(s) ),charge,PLEADED GUILTY,43-043 PRECINCT
966387,6/27/2022,2021-24075,Failed to take police action/render police services (conduct a canvass).,,VACATION DAYS (30 day(s) ),charge,PLEADED GUILTY,43-043 PRECINCT
965601,12/5/2022,2022-25296,01.Violated patrol rules.,CHARGES AND SPECIFICATIONS,,allegation,,
965601,12/5/2022,2022-25296,02.Wrongful removal to a hospital,CHARGES AND SPECIFICATIONS,,allegation,,
965601,12/5/2022,2022-25296,03.Wrongfully used physical force.,CHARGES AND SPECIFICATIONS,,allegation,,
965601,2/23/2023,2022-25386,01.Failed to prepare required reports.,OTHER,,allegation,,
962152,7/15/2022,2022-26490,01.Wrongfully stopped an individual known to the Department.,A-CD,A - COMMAND DISCIPLINE,allegation,,
961434,7/14/2022,2021-23845,01.Failed to activate body-worn camera.,TRAINING,TRAINING,allegation,,
961434,7/14/2022,2021-23845,02.Failed to make required entries in Department Logs.,TRAINING,TRAINING,allegation,,
961434,11/26/2022,2022-26335,01.Made false statements during a Civilian Complaint Review Board interview.,CHARGES AND SPECIFICATIONS,,allegation,,
961434,11/26/2022,2022-26335,02.Violated patrol rules.,CHARGES AND SPECIFICATIONS,,allegation,,
961434,11/26/2022,2022-26335,03.Wrongfully frisked an individual known to the Department,CHARGES AND SPECIFICATIONS,,allegation,,
961434,11/26/2022,2022-26335,04.Wrongfully questioned an individual known to the Department.,CHARGES AND SPECIFICATIONS,,allegation,,
961434,11/26/2022,2022-26335,"05.Wrongfully searched an individual known to the Department.
Wrongful search of a person's property,",CHARGES AND SPECIFICATIONS,,allegation,,
961434,11/26/2022,2022-26335,06.Wrongfully stopped an individual known to the Department.,CHARGES AND SPECIFICATIONS,,allegation,,
961434,4/7/2023,2022-27014,01.Violated patrol rules.,TRAINING,,allegation,,
961434,4/7/2023,2022-27014,02.Wrongfully frisked an individual known to the Department.,TRAINING,,allegation,,
961434,4/7/2023,2022-27014,03.Wrongfully searched an individual known to the Department.,TRAINING,,allegation,,
961434,5/12/2023,2022-25459,01.Failed to make required entries in Department Logs.,OTHER,,allegation,,
961434,9/28/2023,2021-23844,01.Failed to provide a business card,CHARGES AND SPECIFICATIONS,"A - COMMAND DISCIPLINE, TRAINING",allegation,,
961437,2/7/2023,2022-26303,01.Wrongful search of a person's property.,A-CD,,allegation,,
961437,2/7/2023,2022-26304,01.Failed to prepare required reports.,OTHER,,allegation,,
961437,2/7/2023,2022-26304,02.Failed to timely activate their body worn camera.,OTHER,,allegation,,
937715,12/19/2016,2016-16649,WHILE ON DUTY CAUSED INACCURATE INFORMATION TO BE ENTERED INTO THE NARRATIVE PORTION OF A COMPLAINT REPORT.,,"VACATION DAYS (10 day(s) ), VACATION DAYS (10 day(s) )",charge,GUILTY,049-049 PRECINCT
937715,12/19/2016,2016-16649,WHILE ON DUTY CAUSED INACCURATE INFORMATION TO BE ENTERED INTO THE NARRATIVE PORTION OF A COMPLAINT REPORT.,,"VACATION DAYS (10 day(s) ), VACATION DAYS (10 day(s) )",charge,GUILTY,049-049 PRECINCT
937715,12/19/2016,2016-16649,WHILE ON DUTY FAILED TO RECORD SUFFICIENT FACTS TO ALLOW PROPER PRELIMINARY CLASSIFICATION ON AN OFFENSE IN A COMPLAINT REPORT.,,"VACATION DAYS (10 day(s) ), VACATION DAYS (10 day(s) )",charge,GUILTY,049-049 PRECINCT
937715,12/19/2016,2016-16649,WHILE ON DUTY FAILED TO RECORD SUFFICIENT FACTS TO ALLOW PROPER PRELIMINARY CLASSIFICATION ON AN OFFENSE IN A COMPLAINT REPORT.,,"VACATION DAYS (10 day(s) ), VACATION DAYS (10 day(s) )",charge,GUILTY,049-049 PRECINCT
962166,11/21/2022,2022-26400,01.Wrongfully used offensive language.,CHARGES AND SPECIFICATIONS,,allegation,,
962166,1/10/2023,2022-26401,01.Failed to make required entries in Department Logs.,OTHER,,allegation,,
963803,11/13/2022,2022-27163,01.Interfere with a recording device.,CHARGES AND SPECIFICATIONS,,allegation,,
963803,11/13/2022,2022-27163,02.Violated patrol rules.,CHARGES AND SPECIFICATIONS,,allegation,,
963803,12/5/2022,2022-25292,01.Wrongfully searched a vehicle.,CHARGES AND SPECIFICATIONS,,allegation,,
963803,12/5/2022,2022-25292,01.Wrongfully searched an individual known to the Department.,CHARGES AND SPECIFICATIONS,,allegation,,
963803,12/5/2022,2022-25292,02.Wrongfully stopped a vehicle.,CHARGES AND SPECIFICATIONS,,allegation,,
962869,2/7/2023,2022-27076,Failed to safeguard firearm.,,"PRE-TRIAL SUSPENSION DAYS (30 day(s) ), VACATION DAYS (10 day(s) )",charge,PLEADED GUILTY,070-070 PRECINCT
962869,2/7/2023,2022-27076,Failed to safeguard Department property.,,"PRE-TRIAL SUSPENSION DAYS (30 day(s) ), VACATION DAYS (10 day(s) )",charge,PLEADED GUILTY,070-070 PRECINCT
962869,2/7/2023,2022-27076,Failed to timely make proper notifications,,"PRE-TRIAL SUSPENSION DAYS (30 day(s) ), VACATION DAYS (10 day(s) )",charge,PLEADED GUILTY,070-070 PRECINCT
962164,12/9/2021,2021-24149,01.Failed to make proper notification to Patrol Supervisor.,CHARGES AND SPECIFICATIONS,,allegation,,
962164,12/9/2021,2021-24149,02.Left the scene of an accident.,CHARGES AND SPECIFICATIONS,,allegation,,
961446,10/5/2022,2022-26771,Possession of a forged instrument.,,"DISMISSAL PROBATION (12 month(s) ), RESTITUTION ($500), VACATION DAYS (60 day(s) )",charge,PLEADED GUILTY,547-NARCO BORO BKLYN NORTH
961446,10/5/2022,2022-26771,Submission of a forged instrument.,,"DISMISSAL PROBATION (12 month(s) ), RESTITUTION ($500), VACATION DAYS (60 day(s) )",charge,PLEADED GUILTY,547-NARCO BORO BKLYN NORTH
966395,4/15/2023,2022-27706,01.Wrongfully searched a vehicle.,A-CD,A - COMMAND DISCIPLINE,allegation,,
963808,11/10/2021,2021-24002,01.Made computer inquiries unrelated to official Department business.,B-CD,"B - COMMAND DISCIPLINE, VACATION DAYS (3 day(s) )",allegation,,
963808,6/22/2022,2022-25246,01.Criminal Association.,B-CD,"B - COMMAND DISCIPLINE, VACATION DAYS (4 day(s) )",allegation,,
963808,6/22/2022,2022-25246,02.Failed to take police action / render police services.,B-CD,"B - COMMAND DISCIPLINE, VACATION DAYS (4 day(s) )",allegation,,
963808,6/22/2022,2022-25246,03.Violated firearm maintenance rules; proper ammunition.,B-CD,"B - COMMAND DISCIPLINE, VACATION DAYS (4 day(s) )",allegation,,
963808,6/22/2022,2022-25246,04.Violated off-duty employment rules.,B-CD,"B - COMMAND DISCIPLINE, VACATION DAYS (4 day(s) )",allegation,,
962875,6/8/2022,2021-23215,Engaged in inappropriate conduct with an individual.,,"PRE-TRIAL SUSPENSION DAYS (20 day(s) ), RESTORATION OF SUSPENSION DAYS (11 day(s) )",charge,PLEADED GUILTY,396-MILITARY AND EXTEND LEAVE DESK
962875,6/8/2022,2021-23215,Said Police Officer failed to notify the Department of an investigation.,,"PRE-TRIAL SUSPENSION DAYS (20 day(s) ), RESTORATION OF SUSPENSION DAYS (11 day(s) )",charge,PLEADED GUILTY,396-MILITARY AND EXTEND LEAVE DESK
961581,4/14/2022,2020-22252,01.Abuse of Authority,INSTRUCTIONS,INSTRUCTIONS,allegation,,
961582,1/26/2023,2022-25475,01.Failed to activate their body worn camera.,OTHER,,allegation,,
961456,12/17/2019,2019-21226,Failed to conduct an investigation.,,VACATION DAYS (15 day(s) ),charge,GUILTY,806-HOUSING PSA 6
961456,12/17/2019,2019-21226,Failed to activate his body-worn camera.,,VACATION DAYS (15 day(s) ),charge,GUILTY,806-HOUSING PSA 6
963815,6/28/2022,2022-24848,01.Violated patrol rules.,TRAINING,,allegation,,
961469,6/28/2022,2022-24845,01.Failed to make required entries in Department Logs.,OTHER,,allegation,,
961469,6/28/2022,2022-24845,02.Violated patrol rules.,TRAINING,,allegation,,
962184,1/15/2022,2021-24166,01.Wrongfully discourteous to an individual known to the Department.,B-CD,,allegation,,
964848,1/12/2023,2022-27328,01.Wrongful entry of a premises.,NO DISCIPLINARY ACTION,,allegation,,
964853,9/14/2022,2022-27006,01.Wrongfully discourteous to an individual known to the Department.,A-CD,,allegation,,
961480,11/8/2022,2022-26108,01.Violated patrol rules.,A-CD,,allegation,,
961480,11/8/2022,2022-26109,01.Failed to make required entries in Department Logs.,OTHER,,allegation,,
961480,11/17/2022,2022-26141,01.Wrongful strip search of a person known to the Department.,CHARGES AND SPECIFICATIONS,,allegation,,
961483,8/31/2022,2022-25090,01.Violated patrol rules - refused to provide name,A-CD,A - COMMAND DISCIPLINE,allegation,,
961483,1/16/2023,2022-26147,01.Violated patrol rules.,A-CD,,allegation,,
961483,1/16/2023,2022-26152,01.Failed to make required entries in Department Logs.,OTHER,,allegation,,